#VRML V2.0 utf8
# 3D model generated by easyeda2kicad.py (https://github.com/uPesy/easyeda2kicad.py)

Shape{
    appearance Appearance {
        material  Material 	{
            diffuseColor 0.7529411764705882 0.7529411764705882 0.7529411764705882
            specularColor 0.3764705882352941 0.3764705882352941 0.3764705882352941
            ambientIntensity 0.7529
            transparency 0.0
            shininess 0.5
        }
    }
    geometry IndexedFaceSet {
        ccw TRUE
        solid FALSE
        coord DEF co Coordinate {
            point [
                0.1191 -0.5886 0.0, 0.1191 0.002 0.0, 0.2176 -0.5886 0.0, 0.2176 0.002 0.0, 0.1191 -0.5886 0.0394, 0.2176 -0.5886 0.0394, 0.1191 0.002 0.0394, 0.2176 0.002 0.0394, 0.4736 -0.1457 0.0, 0.4736 -0.1555 0.0, 0.3161 -0.1555 0.0, 0.3161 0.5925 0.0, 0.4736 0.3465 0.0, 0.4736 0.5925 0.0, 0.4736 0.1496 0.0, 0.4736 0.248 0.0, 0.6134 0.248 0.0, 0.6134 0.3465 0.0, 0.4736 -0.0472 0.0, 0.6134 -0.0472 0.0, 0.6134 -0.1457 0.0, 0.4736 0.0512 0.0, 0.6134 0.0512 0.0, 0.6134 0.1496 0.0, 0.6134 0.3465 0.0394, 0.4736 0.3465 0.0394, 0.6134 0.248 0.0394, 0.4736 0.248 0.0394, 0.4736 0.1496 0.0394, 0.6134 0.1496 0.0394, 0.6134 0.0512 0.0394, 0.4736 0.0512 0.0394, 0.4736 -0.0472 0.0394, 0.6134 -0.0472 0.0394, 0.6134 -0.1457 0.0394, 0.4736 -0.1457 0.0394, 0.4736 -0.1555 0.0394, 0.3161 -0.1555 0.0394, 0.3161 0.5925 0.0394, 0.4736 0.5925 0.0394, -0.5677 -0.1457 0.0, -0.5677 -0.0472 0.0, -0.4595 -0.1457 0.0, -0.4595 -0.0472 0.0, -0.4528 -0.0477 0.0, -0.4158 -0.0738 0.0, -0.4131 -0.08 0.0, -0.4235 -0.13 0.0, -0.4462 -0.0491 0.0, -0.4398 -0.0513 0.0, -0.4339 -0.0544 0.0, -0.4284 -0.1346 0.0, -0.4339 -0.1385 0.0, -0.4235 -0.0629 0.0, -0.4398 -0.1416 0.0, -0.4462 -0.1438 0.0, -0.4284 -0.0583 0.0, -0.4528 -0.1452 0.0, -0.4192 -0.0681 0.0, -0.4113 -0.0864 0.0, -0.4104 -0.0931 0.0, -0.4104 -0.0998 0.0, -0.4113 -0.1065 0.0, -0.4131 -0.1129 0.0, -0.4192 -0.1248 0.0, -0.4158 -0.1191 0.0, -0.4595 -0.0472 0.0394, -0.5677 -0.0472 0.0394, -0.4595 -0.1457 0.0394, -0.4528 -0.1452 0.0394, -0.4462 -0.1438 0.0394, -0.4398 -0.1416 0.0394, -0.4339 -0.1385 0.0394, -0.4284 -0.1346 0.0394, -0.4235 -0.13 0.0394, -0.4192 -0.1248 0.0394, -0.4158 -0.1191 0.0394, -0.4131 -0.1129 0.0394, -0.4113 -0.1065 0.0394, -0.4104 -0.0998 0.0394, -0.4104 -0.0931 0.0394, -0.4113 -0.0864 0.0394, -0.4131 -0.08 0.0394, -0.4158 -0.0738 0.0394, -0.4192 -0.0681 0.0394, -0.4235 -0.0629 0.0394, -0.4284 -0.0583 0.0394, -0.4339 -0.0544 0.0394, -0.4398 -0.0513 0.0394, -0.4462 -0.0491 0.0394, -0.4528 -0.0477 0.0394, -0.5677 -0.1457 0.0394, -0.3925 0.4843 0.0, -0.3925 0.5925 0.0, -0.2941 0.5925 0.0, -0.3884 0.4646 0.0, -0.3907 0.471 0.0, -0.3013 0.4587 0.0, -0.2941 0.4843 0.0, -0.2946 0.4776 0.0, -0.2959 0.471 0.0, -0.3815 0.4532 0.0, -0.3854 0.4587 0.0, -0.3097 0.4483 0.0, -0.2982 0.4646 0.0, -0.3921 0.4776 0.0, -0.3051 0.4532 0.0, -0.3207 0.4406 0.0, -0.3268 0.4379 0.0, -0.3769 0.4483 0.0, -0.3149 0.444 0.0, -0.3333 0.4361 0.0, -0.34 0.4352 0.0, -0.3467 0.4352 0.0, -0.3533 0.4361 0.0, -0.3598 0.4379 0.0, -0.3717 0.444 0.0, -0.366 0.4406 0.0, -0.3925 0.5925 0.0394, -0.3925 0.4843 0.0394, -0.2941 0.5925 0.0394, -0.2941 0.4843 0.0394, -0.3921 0.4776 0.0394, -0.3907 0.471 0.0394, -0.3884 0.4646 0.0394, -0.3854 0.4587 0.0394, -0.3815 0.4532 0.0394, -0.3769 0.4483 0.0394, -0.3717 0.444 0.0394, -0.366 0.4406 0.0394, -0.3598 0.4379 0.0394, -0.3533 0.4361 0.0394, -0.3467 0.4352 0.0394, -0.34 0.4352 0.0394, -0.3333 0.4361 0.0394, -0.3268 0.4379 0.0394, -0.3207 0.4406 0.0394, -0.3149 0.444 0.0394, -0.3097 0.4483 0.0394, -0.3051 0.4532 0.0394, -0.3013 0.4587 0.0394, -0.2982 0.4646 0.0394, -0.2959 0.471 0.0394, -0.2946 0.4776 0.0394, -0.3433 -0.4311 0.0394, -0.3433 -0.4311 0.0, -0.3497 -0.4315 0.0, -0.3497 -0.4315 0.0394, -0.356 -0.4328 0.0, -0.356 -0.4328 0.0394, -0.3621 -0.4348 0.0, -0.3621 -0.4348 0.0394, -0.3679 -0.4377 0.0, -0.3679 -0.4377 0.0394, -0.3733 -0.4413 0.0, -0.3733 -0.4413 0.0394, -0.3781 -0.4455 0.0, -0.3781 -0.4455 0.0394, -0.3824 -0.4504 0.0, -0.3824 -0.4504 0.0394, -0.3859 -0.4557 0.0, -0.3859 -0.4557 0.0394, -0.3888 -0.4615 0.0, -0.3888 -0.4615 0.0394, -0.3908 -0.4676 0.0, -0.3908 -0.4676 0.0394, -0.3921 -0.4739 0.0, -0.3921 -0.4739 0.0394, -0.3925 -0.4803 0.0, -0.3925 -0.4803 0.0394, -0.2941 -0.5886 0.0, -0.3925 -0.5886 0.0, -0.2941 -0.4803 0.0, -0.2945 -0.4739 0.0, -0.2958 -0.4676 0.0, -0.3369 -0.4315 0.0, -0.3306 -0.4328 0.0, -0.3245 -0.4348 0.0, -0.3187 -0.4377 0.0, -0.3134 -0.4413 0.0, -0.3085 -0.4455 0.0, -0.3043 -0.4504 0.0, -0.3007 -0.4557 0.0, -0.2978 -0.4615 0.0, -0.3925 -0.5886 0.0394, -0.2941 -0.4803 0.0394, -0.2945 -0.4739 0.0394, -0.2958 -0.4676 0.0394, -0.2978 -0.4615 0.0394, -0.3007 -0.4557 0.0394, -0.3043 -0.4504 0.0394, -0.3085 -0.4455 0.0394, -0.3134 -0.4413 0.0394, -0.3187 -0.4377 0.0394, -0.3245 -0.4348 0.0394, -0.3306 -0.4328 0.0394, -0.3369 -0.4315 0.0394, -0.2941 -0.5886 0.0394, -0.1366 -0.1555 0.0, -0.1366 0.5925 0.0, 0.0209 -0.1555 0.0, 0.0209 0.5925 0.0, -0.1366 -0.1555 0.0394, 0.0209 -0.1555 0.0394, -0.1366 0.5925 0.0394, 0.0209 0.5925 0.0394, -0.4102 0.3465 0.0, -0.4102 0.248 0.0, -0.5677 0.3465 0.0, -0.5677 0.248 0.0, -0.4102 0.3465 0.0394, -0.5677 0.3465 0.0394, -0.4102 0.248 0.0394, -0.5677 0.248 0.0394, -0.4464 0.4166 0.3937, -0.4464 0.4166 0.3543, -0.4401 0.417 0.3543, -0.4401 0.417 0.3937, -0.4339 0.4181 0.3543, -0.4339 0.4181 0.3937, -0.4279 0.42 0.3543, -0.4279 0.42 0.3937, -0.4222 0.4226 0.3543, -0.4222 0.4226 0.3937, -0.4168 0.4258 0.3543, -0.4168 0.4258 0.3937, -0.4118 0.4297 0.3543, -0.4118 0.4297 0.3937, -0.4074 0.4342 0.3543, -0.4074 0.4342 0.3937, -0.4035 0.4391 0.3543, -0.4035 0.4391 0.3937, -0.4003 0.4445 0.3543, -0.4003 0.4445 0.3937, -0.3977 0.4502 0.3543, -0.3977 0.4502 0.3937, -0.3958 0.4563 0.3543, -0.3958 0.4563 0.3937, -0.3947 0.4625 0.3543, -0.3947 0.4625 0.3937, -0.3943 0.4687 0.3543, -0.3943 0.4687 0.3937, -0.3947 0.475 0.3543, -0.3947 0.475 0.3937, -0.3958 0.4812 0.3543, -0.3958 0.4812 0.3937, -0.3977 0.4872 0.3543, -0.3977 0.4872 0.3937, -0.4003 0.493 0.3543, -0.4003 0.493 0.3937, -0.4035 0.4984 0.3543, -0.4035 0.4984 0.3937, -0.4074 0.5033 0.3543, -0.4074 0.5033 0.3937, -0.4118 0.5078 0.3543, -0.4118 0.5078 0.3937, -0.4168 0.5116 0.3543, -0.4168 0.5116 0.3937, -0.4222 0.5149 0.3543, -0.4222 0.5149 0.3937, -0.4279 0.5175 0.3543, -0.4279 0.5175 0.3937, -0.4339 0.5194 0.3543, -0.4339 0.5194 0.3937, -0.4401 0.5205 0.3543, -0.4401 0.5205 0.3937, -0.4464 0.5209 0.3543, -0.4464 0.5209 0.3937, -0.4527 0.5205 0.3543, -0.4527 0.5205 0.3937, -0.4589 0.5194 0.3543, -0.4589 0.5194 0.3937, -0.4649 0.5175 0.3543, -0.4649 0.5175 0.3937, -0.4707 0.5149 0.3543, -0.4707 0.5149 0.3937, -0.476 0.5116 0.3543, -0.476 0.5116 0.3937, -0.481 0.5078 0.3543, -0.481 0.5078 0.3937, -0.4854 0.5033 0.3543, -0.4854 0.5033 0.3937, -0.4893 0.4984 0.3543, -0.4893 0.4984 0.3937, -0.4926 0.493 0.3543, -0.4926 0.493 0.3937, -0.4952 0.4872 0.3543, -0.4952 0.4872 0.3937, -0.497 0.4812 0.3543, -0.497 0.4812 0.3937, -0.4982 0.475 0.3543, -0.4982 0.475 0.3937, -0.4986 0.4687 0.3543, -0.4986 0.4687 0.3937, -0.4982 0.4625 0.3543, -0.4982 0.4625 0.3937, -0.497 0.4563 0.3543, -0.497 0.4563 0.3937, -0.4952 0.4502 0.3543, -0.4952 0.4502 0.3937, -0.4926 0.4445 0.3543, -0.4926 0.4445 0.3937, -0.4893 0.4391 0.3543, -0.4893 0.4391 0.3937, -0.4854 0.4342 0.3543, -0.4854 0.4342 0.3937, -0.481 0.4297 0.3543, -0.481 0.4297 0.3937, -0.476 0.4258 0.3543, -0.476 0.4258 0.3937, -0.4707 0.4226 0.3543, -0.4707 0.4226 0.3937, -0.4649 0.42 0.3543, -0.4649 0.42 0.3937, -0.4589 0.4181 0.3543, -0.4589 0.4181 0.3937, -0.4527 0.417 0.3543, -0.4527 0.417 0.3937
            ]
        }
        coordIndex [
            0,1,2,-1,2,1,3,-1,4,0,5,-1,5,0,2,-1,6,1,4,-1,4,1,0,-1,7,3,6,-1,6,3,1,-1,5,2,7,-1,7,2,3,-1,4,5,6,-1,6,5,7,-1,8,9,10,-1,10,11,12,-1,12,11,13,-1,14,10,15,-1,15,10,12,-1,15,12,16,-1,16,12,17,-1,18,19,20,-1,20,8,18,-1,18,8,10,-1,18,10,21,-1,21,10,14,-1,21,14,22,-1,22,14,23,-1,24,17,25,-1,25,17,12,-1,26,16,24,-1,24,16,17,-1,27,15,26,-1,26,15,16,-1,28,14,27,-1,27,14,15,-1,29,23,28,-1,28,23,14,-1,30,22,29,-1,29,22,23,-1,31,21,30,-1,30,21,22,-1,32,18,31,-1,31,18,21,-1,33,19,32,-1,32,19,18,-1,34,20,33,-1,33,20,19,-1,35,8,34,-1,34,8,20,-1,36,9,35,-1,35,9,8,-1,37,10,36,-1,36,10,9,-1,38,11,37,-1,37,11,10,-1,39,13,38,-1,38,13,11,-1,25,12,39,-1,39,12,13,-1,25,39,38,-1,38,37,35,-1,35,37,36,-1,31,38,32,-1,32,38,35,-1,32,35,33,-1,33,35,34,-1,27,26,24,-1,24,25,27,-1,27,25,38,-1,27,38,28,-1,28,38,31,-1,28,31,29,-1,29,31,30,-1,40,41,42,-1,42,41,43,-1,42,43,44,-1,45,46,47,-1,44,48,42,-1,42,48,49,-1,42,49,50,-1,51,52,53,-1,53,52,54,-1,53,54,55,-1,50,56,42,-1,42,56,53,-1,42,53,57,-1,57,53,55,-1,51,53,47,-1,47,53,58,-1,47,58,45,-1,46,59,47,-1,47,59,60,-1,47,60,61,-1,61,62,47,-1,47,62,63,-1,47,63,64,-1,64,63,65,-1,66,43,67,-1,67,43,41,-1,68,42,57,-1,68,57,69,-1,69,57,55,-1,69,55,70,-1,70,55,54,-1,70,54,71,-1,71,54,52,-1,71,52,72,-1,72,52,51,-1,72,51,73,-1,73,51,47,-1,73,47,74,-1,74,47,64,-1,74,64,75,-1,75,64,65,-1,75,65,76,-1,76,65,63,-1,76,63,77,-1,77,63,62,-1,77,62,78,-1,78,62,61,-1,78,61,79,-1,79,61,60,-1,79,60,80,-1,80,60,59,-1,80,59,81,-1,81,59,46,-1,81,46,82,-1,82,46,45,-1,82,45,83,-1,83,45,58,-1,83,58,84,-1,84,58,53,-1,84,53,85,-1,85,53,56,-1,85,56,86,-1,86,56,50,-1,86,50,87,-1,87,50,49,-1,87,49,88,-1,88,49,48,-1,88,48,89,-1,89,48,44,-1,89,44,90,-1,90,44,43,-1,90,43,66,-1,91,40,68,-1,68,40,42,-1,67,41,91,-1,91,41,40,-1,67,91,66,-1,66,91,68,-1,68,69,66,-1,66,69,70,-1,66,70,90,-1,88,89,72,-1,90,70,89,-1,89,70,71,-1,89,71,72,-1,82,72,73,-1,85,86,72,-1,72,86,87,-1,72,87,88,-1,82,83,72,-1,72,83,84,-1,72,84,85,-1,73,74,82,-1,82,74,75,-1,82,75,76,-1,78,79,80,-1,76,77,82,-1,82,77,78,-1,82,78,81,-1,81,78,80,-1,92,93,94,-1,95,96,97,-1,94,98,92,-1,92,98,99,-1,92,99,100,-1,101,102,103,-1,100,104,92,-1,92,104,97,-1,92,97,105,-1,105,97,96,-1,95,97,102,-1,102,97,106,-1,102,106,103,-1,107,108,109,-1,101,103,109,-1,109,103,110,-1,109,110,107,-1,108,111,109,-1,109,111,112,-1,109,112,113,-1,113,114,109,-1,109,114,115,-1,109,115,116,-1,116,115,117,-1,118,93,119,-1,119,93,92,-1,120,94,118,-1,118,94,93,-1,121,98,120,-1,120,98,94,-1,119,92,105,-1,119,105,122,-1,122,105,96,-1,122,96,123,-1,123,96,95,-1,123,95,124,-1,124,95,102,-1,124,102,125,-1,125,102,101,-1,125,101,126,-1,126,101,109,-1,126,109,127,-1,127,109,116,-1,127,116,128,-1,128,116,117,-1,128,117,129,-1,129,117,115,-1,129,115,130,-1,130,115,114,-1,130,114,131,-1,131,114,113,-1,131,113,132,-1,132,113,112,-1,132,112,133,-1,133,112,111,-1,133,111,134,-1,134,111,108,-1,134,108,135,-1,135,108,107,-1,135,107,136,-1,136,107,110,-1,136,110,137,-1,137,110,103,-1,137,103,138,-1,138,103,106,-1,138,106,139,-1,139,106,97,-1,139,97,140,-1,140,97,104,-1,140,104,141,-1,141,104,100,-1,141,100,142,-1,142,100,99,-1,142,99,143,-1,143,99,98,-1,143,98,121,-1,143,121,138,-1,120,118,121,-1,121,118,119,-1,121,119,122,-1,121,128,129,-1,129,130,121,-1,121,130,131,-1,121,131,132,-1,140,141,142,-1,122,123,121,-1,121,123,124,-1,121,124,125,-1,125,126,121,-1,121,126,127,-1,121,127,128,-1,132,133,121,-1,121,133,134,-1,121,134,135,-1,135,136,121,-1,121,136,137,-1,121,137,138,-1,143,138,142,-1,142,138,139,-1,142,139,140,-1,144,145,146,-1,144,146,147,-1,147,146,148,-1,147,148,149,-1,149,148,150,-1,149,150,151,-1,151,150,152,-1,151,152,153,-1,153,152,154,-1,153,154,155,-1,155,154,156,-1,155,156,157,-1,157,156,158,-1,157,158,159,-1,159,158,160,-1,159,160,161,-1,161,160,162,-1,161,162,163,-1,163,162,164,-1,163,164,165,-1,165,164,166,-1,165,166,167,-1,167,166,168,-1,167,168,169,-1,170,171,172,-1,172,171,168,-1,158,172,160,-1,160,172,162,-1,168,166,172,-1,172,166,164,-1,172,164,162,-1,158,156,172,-1,172,156,154,-1,172,154,173,-1,173,154,174,-1,148,154,150,-1,150,154,152,-1,148,146,154,-1,154,146,145,-1,154,145,175,-1,175,176,154,-1,154,176,177,-1,154,177,178,-1,178,179,154,-1,154,179,180,-1,154,180,181,-1,181,182,154,-1,154,182,183,-1,154,183,174,-1,169,168,184,-1,184,168,171,-1,185,172,173,-1,185,173,186,-1,186,173,174,-1,186,174,187,-1,187,174,183,-1,187,183,188,-1,188,183,182,-1,188,182,189,-1,189,182,181,-1,189,181,190,-1,190,181,180,-1,190,180,191,-1,191,180,179,-1,191,179,192,-1,192,179,178,-1,192,178,193,-1,193,178,177,-1,193,177,194,-1,194,177,176,-1,194,176,195,-1,195,176,175,-1,195,175,196,-1,196,175,145,-1,196,145,144,-1,197,170,185,-1,185,170,172,-1,184,171,197,-1,197,171,170,-1,159,161,185,-1,185,161,163,-1,185,163,165,-1,186,155,185,-1,185,155,157,-1,185,157,159,-1,184,197,169,-1,169,197,185,-1,169,185,167,-1,167,185,165,-1,155,192,193,-1,193,194,155,-1,155,194,195,-1,155,195,196,-1,153,155,151,-1,151,155,149,-1,186,187,155,-1,155,187,188,-1,155,188,189,-1,196,144,155,-1,155,144,147,-1,155,147,149,-1,189,190,155,-1,155,190,191,-1,155,191,192,-1,198,199,200,-1,200,199,201,-1,202,198,203,-1,203,198,200,-1,204,199,202,-1,202,199,198,-1,205,201,204,-1,204,201,199,-1,203,200,205,-1,205,200,201,-1,202,203,204,-1,204,203,205,-1,206,207,208,-1,208,207,209,-1,210,206,211,-1,211,206,208,-1,212,207,210,-1,210,207,206,-1,213,209,212,-1,212,209,207,-1,211,208,213,-1,213,208,209,-1,210,211,212,-1,212,211,213,-1,214,215,216,-1,214,216,217,-1,217,216,218,-1,217,218,219,-1,219,218,220,-1,219,220,221,-1,221,220,222,-1,221,222,223,-1,223,222,224,-1,223,224,225,-1,225,224,226,-1,225,226,227,-1,227,226,228,-1,227,228,229,-1,229,228,230,-1,229,230,231,-1,231,230,232,-1,231,232,233,-1,233,232,234,-1,233,234,235,-1,235,234,236,-1,235,236,237,-1,237,236,238,-1,237,238,239,-1,239,238,240,-1,239,240,241,-1,241,240,242,-1,241,242,243,-1,243,242,244,-1,243,244,245,-1,245,244,246,-1,245,246,247,-1,247,246,248,-1,247,248,249,-1,249,248,250,-1,249,250,251,-1,251,250,252,-1,251,252,253,-1,253,252,254,-1,253,254,255,-1,255,254,256,-1,255,256,257,-1,257,256,258,-1,257,258,259,-1,259,258,260,-1,259,260,261,-1,261,260,262,-1,261,262,263,-1,263,262,264,-1,263,264,265,-1,265,264,266,-1,265,266,267,-1,267,266,268,-1,267,268,269,-1,269,268,270,-1,269,270,271,-1,271,270,272,-1,271,272,273,-1,273,272,274,-1,273,274,275,-1,275,274,276,-1,275,276,277,-1,277,276,278,-1,277,278,279,-1,279,278,280,-1,279,280,281,-1,281,280,282,-1,281,282,283,-1,283,282,284,-1,283,284,285,-1,285,284,286,-1,285,286,287,-1,287,286,288,-1,287,288,289,-1,289,288,290,-1,289,290,291,-1,291,290,292,-1,291,292,293,-1,293,292,294,-1,293,294,295,-1,295,294,296,-1,295,296,297,-1,297,296,298,-1,297,298,299,-1,299,298,300,-1,299,300,301,-1,301,300,302,-1,301,302,303,-1,303,302,304,-1,303,304,305,-1,305,304,306,-1,305,306,307,-1,307,306,308,-1,307,308,309,-1,309,308,310,-1,309,310,311,-1,311,310,312,-1,311,312,313,-1,313,312,314,-1,313,314,315,-1,315,314,316,-1,315,316,317,-1,317,316,215,-1,317,215,214,-1,217,219,267,-1,267,219,221,-1,309,311,267,-1,267,311,313,-1,267,313,315,-1,315,317,267,-1,267,317,214,-1,267,214,217,-1,269,299,267,-1,267,299,301,-1,267,301,303,-1,269,271,299,-1,299,271,273,-1,299,273,275,-1,303,305,267,-1,267,305,307,-1,267,307,309,-1,221,223,267,-1,267,223,225,-1,267,225,227,-1,261,263,249,-1,291,293,295,-1,227,229,267,-1,267,229,231,-1,267,231,233,-1,233,235,267,-1,267,235,237,-1,267,237,239,-1,239,241,267,-1,267,241,243,-1,267,243,245,-1,275,277,299,-1,299,277,279,-1,299,279,281,-1,281,283,299,-1,299,283,285,-1,299,285,287,-1,287,289,299,-1,299,289,291,-1,299,291,297,-1,297,291,295,-1,263,265,249,-1,249,265,267,-1,249,267,247,-1,247,267,245,-1,261,249,259,-1,259,249,251,-1,259,251,257,-1,257,251,253,-1,257,253,255,-1,266,264,215,-1,215,264,262,-1,215,262,260,-1,215,316,266,-1,266,316,314,-1,266,314,312,-1,312,310,266,-1,266,310,308,-1,266,308,306,-1,306,304,266,-1,266,304,302,-1,266,302,300,-1,260,258,215,-1,215,258,256,-1,215,256,254,-1,220,218,232,-1,300,298,266,-1,266,298,296,-1,266,296,294,-1,294,292,266,-1,266,292,290,-1,266,290,288,-1,282,280,278,-1,288,286,266,-1,266,286,284,-1,266,284,268,-1,268,284,270,-1,254,252,215,-1,215,252,250,-1,215,250,248,-1,248,246,215,-1,215,246,244,-1,215,244,242,-1,242,240,215,-1,215,240,238,-1,215,238,236,-1,278,276,282,-1,282,276,274,-1,282,274,284,-1,284,274,272,-1,284,272,270,-1,218,216,232,-1,232,216,215,-1,232,215,234,-1,234,215,236,-1,220,232,222,-1,222,232,230,-1,222,230,224,-1,224,230,228,-1,224,228,226,-1,
        ]
    }
}
Shape{
    appearance Appearance {
        material  Material 	{
            diffuseColor 0.25098039215686274 0.25098039215686274 0.25098039215686274
            specularColor 0.12549019607843137 0.12549019607843137 0.12549019607843137
            ambientIntensity 0.251
            transparency 0.0
            shininess 0.5
        }
    }
    geometry IndexedFaceSet {
        ccw TRUE
        solid FALSE
        coord DEF co Coordinate {
            point [
                0.3653 -0.4311 0.0394, 0.3653 -0.4311 0.0197, 0.3781 -0.4328 0.0394, 0.3781 -0.4328 0.0197, 0.39 -0.4377 0.0394, 0.39 -0.4377 0.0197, 0.4001 -0.4455 0.0394, 0.4001 -0.4455 0.0197, 0.408 -0.4557 0.0394, 0.408 -0.4557 0.0197, 0.4129 -0.4676 0.0394, 0.4129 -0.4676 0.0197, 0.4146 -0.4803 0.0394, 0.4146 -0.4803 0.0197, -0.3433 -0.4311 0.0394, -0.3433 -0.4311 0.0197, -0.3306 -0.4328 0.0394, -0.3306 -0.4328 0.0197, -0.3187 -0.4377 0.0394, -0.3187 -0.4377 0.0197, -0.3085 -0.4455 0.0394, -0.3085 -0.4455 0.0197, -0.3007 -0.4557 0.0394, -0.3007 -0.4557 0.0197, -0.2958 -0.4676 0.0394, -0.2958 -0.4676 0.0197, -0.2941 -0.4803 0.0394, -0.2941 -0.4803 0.0197, -0.4464 0.5209 0.3543, -0.4464 0.5209 0.3937, -0.4599 0.5191 0.3543, -0.4599 0.5191 0.3937, -0.4725 0.5139 0.3543, -0.4725 0.5139 0.3937, -0.4833 0.5056 0.3543, -0.4833 0.5056 0.3937, -0.4916 0.4948 0.3543, -0.4916 0.4948 0.3937, -0.4968 0.4822 0.3543, -0.4968 0.4822 0.3937, -0.4986 0.4687 0.3543, -0.4986 0.4687 0.3937, -0.4968 0.4552 0.3543, -0.4968 0.4552 0.3937, -0.4916 0.4427 0.3543, -0.4916 0.4427 0.3937, -0.4833 0.4319 0.3543, -0.4833 0.4319 0.3937, -0.4725 0.4236 0.3543, -0.4725 0.4236 0.3937, -0.4599 0.4184 0.3543, -0.4599 0.4184 0.3937, -0.4464 0.4166 0.3543, -0.4464 0.4166 0.3937, -0.5677 0.1496 0.0394, -0.5677 0.0512 0.0394, -0.5677 -0.5886 0.3937, -0.5677 0.5925 0.0197, -0.5677 0.3465 0.0197, -0.5677 0.5925 0.3937, -0.5677 0.3465 0.0394, -0.5677 0.248 0.0394, -0.5677 0.248 0.0197, -0.5677 0.1496 0.0197, -0.5677 -0.1457 0.0394, -0.5677 -0.1457 0.0197, -0.5677 -0.2441 0.0197, -0.5677 -0.3425 0.0197, -0.5677 -0.5886 0.0197, -0.5677 -0.3425 0.0394, -0.5677 -0.2441 0.0394, -0.5677 0.0512 0.0197, -0.5677 -0.0472 0.0197, -0.5677 -0.0472 0.0394, -0.2941 -0.5886 0.0394, -0.2941 -0.5886 0.0197, 0.1191 -0.5886 0.0197, -0.3925 -0.5886 0.0197, 0.2176 -0.5886 0.0197, 0.3161 -0.5886 0.0197, 0.2176 -0.5886 0.0394, 0.3161 -0.5886 0.0394, 0.1191 -0.5886 0.0394, -0.3925 -0.5886 0.0394, 0.4146 -0.5886 0.0197, 0.6134 -0.5886 0.0197, 0.4146 -0.5886 0.0394, 0.6134 -0.5886 0.3937, 0.6134 0.3465 0.0197, 0.6134 0.5925 0.0197, 0.6134 0.3465 0.0394, 0.6134 0.5925 0.3937, 0.6134 0.248 0.0394, 0.6134 0.1496 0.0394, 0.6134 0.1496 0.0197, 0.6134 0.248 0.0197, 0.6134 -0.0472 0.0394, 0.6134 -0.1457 0.0394, 0.6134 -0.1457 0.0197, 0.6134 0.0512 0.0394, 0.6134 0.0512 0.0197, 0.6134 -0.0472 0.0197, 0.0209 0.5925 0.0394, -0.1366 0.5925 0.0394, 0.4736 0.5925 0.0197, 0.4736 0.5925 0.0394, 0.3161 0.5925 0.0394, 0.3161 0.5925 0.0197, 0.0209 0.5925 0.0197, -0.3925 0.5925 0.0197, -0.3925 0.5925 0.0394, -0.2941 0.5925 0.0394, -0.2941 0.5925 0.0197, -0.1366 0.5925 0.0197, 0.3161 -0.1555 0.0197, 0.2176 0.002 0.0197, 0.4736 -0.1457 0.0197, 0.4736 -0.1555 0.0197, -0.4102 -0.2933 0.0197, -0.2941 0.4843 0.0197, 0.1191 0.002 0.0197, 0.0209 -0.1555 0.0197, -0.1366 -0.1555 0.0197, 0.3526 -0.4328 0.0197, 0.3407 -0.4377 0.0197, 0.3306 -0.4455 0.0197, -0.4119 -0.2806 0.0197, -0.3433 0.435 0.0197, -0.3306 0.4367 0.0197, -0.4102 0.3465 0.0197, -0.3925 0.4843 0.0197, -0.3908 0.4715 0.0197, -0.356 0.4367 0.0197, 0.3227 -0.4557 0.0197, 0.3178 -0.4676 0.0197, 0.3161 -0.4803 0.0197, -0.3925 -0.4803 0.0197, -0.3908 -0.4676 0.0197, -0.3859 -0.4557 0.0197, -0.4102 -0.0965 0.0197, -0.4168 -0.2687 0.0197, -0.4247 -0.2585 0.0197, -0.4168 -0.0719 0.0197, -0.4247 0.0656 0.0197, -0.4168 0.0758 0.0197, -0.4102 0.1004 0.0197, -0.4119 0.1131 0.0197, -0.4102 0.248 0.0197, -0.3187 0.4416 0.0197, -0.3085 0.4495 0.0197, -0.3007 0.4596 0.0197, -0.2958 0.4715 0.0197, -0.3859 0.4596 0.0197, -0.3781 0.4495 0.0197, -0.3679 0.4416 0.0197, -0.4595 -0.3425 0.0197, -0.4467 -0.3408 0.0197, -0.3781 -0.4455 0.0197, -0.4348 -0.3359 0.0197, -0.3679 -0.4377 0.0197, -0.4247 -0.3281 0.0197, -0.356 -0.4328 0.0197, -0.4168 -0.3179 0.0197, -0.4119 -0.306 0.0197, -0.4119 -0.1092 0.0197, -0.4348 -0.2507 0.0197, -0.4467 -0.2458 0.0197, -0.4348 -0.1391 0.0197, -0.4247 -0.1313 0.0197, -0.4168 -0.1211 0.0197, -0.4247 -0.0617 0.0197, -0.4348 -0.0538 0.0197, -0.4467 -0.0489 0.0197, -0.4119 0.0877 0.0197, -0.4119 -0.0837 0.0197, -0.4168 0.125 0.0197, -0.4247 0.1352 0.0197, -0.4348 0.143 0.0197, -0.4595 0.1496 0.0197, -0.4467 0.1479 0.0197, -0.4595 -0.2441 0.0197, -0.4595 -0.1457 0.0197, -0.4467 -0.144 0.0197, -0.4595 -0.0472 0.0197, -0.4595 0.0512 0.0197, -0.4467 0.0529 0.0197, -0.4348 0.0578 0.0197, 0.4736 0.0512 0.0197, 0.4736 -0.0472 0.0197, 0.4736 0.248 0.0197, 0.4736 0.1496 0.0197, 0.4736 0.3465 0.0197, -0.4013 0.4427 0.3937, -0.3961 0.4552 0.3937, -0.4096 0.4319 0.3937, -0.4204 0.4236 0.3937, -0.4329 0.4184 0.3937, -0.4329 0.5191 0.3937, -0.4204 0.5139 0.3937, -0.4096 0.5056 0.3937, -0.4013 0.4948 0.3937, -0.3961 0.4822 0.3937, -0.3943 0.4687 0.3937, -0.4329 0.4184 0.3543, -0.4204 0.4236 0.3543, -0.4096 0.4319 0.3543, -0.4013 0.4427 0.3543, -0.3961 0.4552 0.3543, -0.3943 0.4687 0.3543, -0.3961 0.4822 0.3543, -0.4013 0.4948 0.3543, -0.4096 0.5056 0.3543, -0.4204 0.5139 0.3543, -0.4329 0.5191 0.3543, -0.3925 -0.4803 0.0394, -0.3908 -0.4676 0.0394, -0.3859 -0.4557 0.0394, -0.3781 -0.4455 0.0394, -0.3679 -0.4377 0.0394, -0.356 -0.4328 0.0394, 0.4736 0.3465 0.0394, 0.3161 -0.1555 0.0394, 0.4736 -0.1555 0.0394, 0.4736 -0.1457 0.0394, 0.4736 -0.0472 0.0394, 0.4736 0.0512 0.0394, 0.4736 0.1496 0.0394, 0.4736 0.248 0.0394, -0.4595 -0.3425 0.0394, -0.4595 -0.2441 0.0394, -0.4467 -0.2458 0.0394, -0.4348 -0.2507 0.0394, -0.4247 -0.2585 0.0394, -0.4168 -0.2687 0.0394, -0.4119 -0.2806 0.0394, -0.4102 -0.2933 0.0394, -0.4119 -0.306 0.0394, -0.4168 -0.3179 0.0394, -0.4247 -0.3281 0.0394, -0.4348 -0.3359 0.0394, -0.4467 -0.3408 0.0394, 0.3161 -0.4803 0.0394, 0.3178 -0.4676 0.0394, 0.3227 -0.4557 0.0394, 0.3306 -0.4455 0.0394, 0.3407 -0.4377 0.0394, 0.3526 -0.4328 0.0394, -0.2941 0.4843 0.0394, -0.2958 0.4715 0.0394, -0.3007 0.4596 0.0394, -0.3085 0.4495 0.0394, -0.3187 0.4416 0.0394, -0.3306 0.4367 0.0394, -0.3433 0.435 0.0394, -0.356 0.4367 0.0394, -0.3679 0.4416 0.0394, -0.3781 0.4495 0.0394, -0.3859 0.4596 0.0394, -0.3908 0.4715 0.0394, -0.3925 0.4843 0.0394, -0.4595 -0.1457 0.0394, -0.4595 -0.0472 0.0394, -0.4467 -0.0489 0.0394, -0.4348 -0.0538 0.0394, -0.4247 -0.0617 0.0394, -0.4168 -0.0719 0.0394, -0.4119 -0.0837 0.0394, -0.4102 -0.0965 0.0394, -0.4119 -0.1092 0.0394, -0.4168 -0.1211 0.0394, -0.4247 -0.1313 0.0394, -0.4348 -0.1391 0.0394, -0.4467 -0.144 0.0394, -0.4595 0.0512 0.0394, -0.4595 0.1496 0.0394, -0.4467 0.1479 0.0394, -0.4348 0.143 0.0394, -0.4247 0.1352 0.0394, -0.4168 0.125 0.0394, -0.4119 0.1131 0.0394, -0.4102 0.1004 0.0394, -0.4119 0.0877 0.0394, -0.4168 0.0758 0.0394, -0.4247 0.0656 0.0394, -0.4348 0.0578 0.0394, -0.4467 0.0529 0.0394, -0.4102 0.248 0.0394, -0.4102 0.3465 0.0394, 0.0209 -0.1555 0.0394, -0.1366 -0.1555 0.0394, 0.2176 0.002 0.0394, 0.1191 0.002 0.0394
            ]
        }
        coordIndex [
            0,1,2,-1,2,1,3,-1,2,3,4,-1,4,3,5,-1,4,5,6,-1,6,5,7,-1,6,7,8,-1,8,7,9,-1,8,9,10,-1,10,9,11,-1,10,11,12,-1,12,11,13,-1,14,15,16,-1,16,15,17,-1,16,17,18,-1,18,17,19,-1,18,19,20,-1,20,19,21,-1,20,21,22,-1,22,21,23,-1,22,23,24,-1,24,23,25,-1,24,25,26,-1,26,25,27,-1,28,29,30,-1,30,29,31,-1,30,31,32,-1,32,31,33,-1,32,33,34,-1,34,33,35,-1,34,35,36,-1,36,35,37,-1,36,37,38,-1,38,37,39,-1,38,39,40,-1,40,39,41,-1,40,41,42,-1,42,41,43,-1,42,43,44,-1,44,43,45,-1,44,45,46,-1,46,45,47,-1,46,47,48,-1,48,47,49,-1,48,49,50,-1,50,49,51,-1,50,51,52,-1,52,51,53,-1,54,55,56,-1,57,58,59,-1,59,58,60,-1,59,60,61,-1,62,63,61,-1,61,63,54,-1,61,54,59,-1,59,54,56,-1,64,65,66,-1,67,68,69,-1,69,68,56,-1,69,56,70,-1,71,72,55,-1,55,72,73,-1,55,73,56,-1,56,73,64,-1,56,64,70,-1,70,64,66,-1,74,75,76,-1,56,68,77,-1,78,79,80,-1,80,79,81,-1,76,82,74,-1,74,82,56,-1,74,56,83,-1,83,56,77,-1,84,85,86,-1,86,85,87,-1,86,87,81,-1,81,87,56,-1,81,56,80,-1,80,56,82,-1,88,89,90,-1,90,89,91,-1,90,91,92,-1,93,94,95,-1,96,91,97,-1,97,91,87,-1,97,87,98,-1,98,87,85,-1,95,92,93,-1,93,92,91,-1,93,91,99,-1,99,91,96,-1,99,96,100,-1,100,96,101,-1,102,103,59,-1,89,104,91,-1,91,104,105,-1,91,105,106,-1,107,108,106,-1,106,108,102,-1,106,102,91,-1,91,102,59,-1,109,57,110,-1,110,57,59,-1,110,59,111,-1,111,59,103,-1,111,103,112,-1,112,103,113,-1,107,114,115,-1,115,114,78,-1,116,98,117,-1,117,98,85,-1,17,15,118,-1,119,112,113,-1,107,115,108,-1,108,115,120,-1,108,120,121,-1,121,120,76,-1,121,76,122,-1,123,124,114,-1,114,124,125,-1,76,118,126,-1,127,128,129,-1,84,13,85,-1,85,13,11,-1,85,11,117,-1,117,11,9,-1,117,9,7,-1,7,5,117,-1,117,5,3,-1,117,3,114,-1,114,3,1,-1,114,1,123,-1,57,109,58,-1,58,109,130,-1,58,130,131,-1,127,129,132,-1,125,133,114,-1,114,133,134,-1,114,134,78,-1,78,134,135,-1,78,135,79,-1,25,76,27,-1,27,76,75,-1,25,23,76,-1,76,23,21,-1,76,21,118,-1,118,21,19,-1,118,19,17,-1,77,68,136,-1,136,68,67,-1,136,67,137,-1,137,67,138,-1,139,140,141,-1,142,143,144,-1,145,146,76,-1,76,146,147,-1,76,147,122,-1,122,147,129,-1,128,148,129,-1,129,148,149,-1,129,149,122,-1,122,149,150,-1,122,150,113,-1,113,150,151,-1,113,151,119,-1,131,152,58,-1,58,152,153,-1,58,153,129,-1,129,153,154,-1,129,154,132,-1,67,155,138,-1,138,155,156,-1,138,156,157,-1,157,156,158,-1,157,158,159,-1,159,158,160,-1,159,160,161,-1,161,160,162,-1,161,162,15,-1,15,162,163,-1,15,163,118,-1,139,141,164,-1,164,141,165,-1,164,165,166,-1,167,168,166,-1,166,168,169,-1,166,169,164,-1,142,170,143,-1,143,170,171,-1,143,171,172,-1,144,173,142,-1,142,173,145,-1,142,145,174,-1,174,145,76,-1,174,76,139,-1,139,76,126,-1,139,126,140,-1,146,175,147,-1,147,175,176,-1,147,176,177,-1,63,62,178,-1,178,62,147,-1,178,147,179,-1,179,147,177,-1,66,65,180,-1,180,65,181,-1,180,181,166,-1,166,181,182,-1,166,182,167,-1,183,72,71,-1,71,184,183,-1,183,184,185,-1,183,185,172,-1,172,185,186,-1,172,186,143,-1,187,100,188,-1,188,100,101,-1,189,95,190,-1,190,95,94,-1,89,88,104,-1,104,88,191,-1,39,37,59,-1,53,51,56,-1,56,51,49,-1,56,49,47,-1,192,87,193,-1,193,87,91,-1,37,35,59,-1,59,35,33,-1,59,33,31,-1,192,194,87,-1,87,194,195,-1,87,195,56,-1,56,195,196,-1,56,196,53,-1,47,45,56,-1,56,45,43,-1,56,43,59,-1,59,43,41,-1,59,41,39,-1,31,29,59,-1,59,29,197,-1,59,197,91,-1,197,198,91,-1,91,198,199,-1,91,199,200,-1,200,201,91,-1,91,201,202,-1,91,202,193,-1,52,53,203,-1,203,53,196,-1,203,196,204,-1,204,196,195,-1,204,195,205,-1,205,195,194,-1,205,194,206,-1,206,194,192,-1,206,192,207,-1,207,192,193,-1,207,193,208,-1,208,193,202,-1,208,202,209,-1,209,202,201,-1,209,201,210,-1,210,201,200,-1,210,200,211,-1,211,200,199,-1,211,199,212,-1,212,199,198,-1,212,198,213,-1,213,198,197,-1,213,197,28,-1,28,197,29,-1,36,38,209,-1,206,207,42,-1,42,207,40,-1,40,207,38,-1,38,207,208,-1,38,208,209,-1,48,50,46,-1,46,50,44,-1,44,50,42,-1,42,50,52,-1,42,52,203,-1,203,204,42,-1,42,204,205,-1,42,205,206,-1,212,213,211,-1,211,213,210,-1,210,213,209,-1,209,213,28,-1,209,28,30,-1,30,32,209,-1,209,32,34,-1,209,34,36,-1,74,26,75,-1,75,26,27,-1,214,136,215,-1,215,136,137,-1,215,137,216,-1,216,137,138,-1,216,138,217,-1,217,138,157,-1,217,157,218,-1,218,157,159,-1,218,159,219,-1,219,159,161,-1,219,161,14,-1,14,161,15,-1,214,83,136,-1,136,83,77,-1,74,83,26,-1,26,83,214,-1,26,214,24,-1,18,214,215,-1,219,14,16,-1,18,20,214,-1,214,20,22,-1,214,22,24,-1,215,216,18,-1,18,216,217,-1,18,217,16,-1,16,217,218,-1,16,218,219,-1,220,105,191,-1,191,105,104,-1,106,221,107,-1,107,221,114,-1,221,222,114,-1,114,222,117,-1,222,223,117,-1,117,223,116,-1,223,97,116,-1,116,97,98,-1,96,224,101,-1,101,224,188,-1,224,225,188,-1,188,225,187,-1,225,99,187,-1,187,99,100,-1,93,226,94,-1,94,226,190,-1,226,227,190,-1,190,227,189,-1,227,92,189,-1,189,92,95,-1,90,220,88,-1,88,220,191,-1,223,222,221,-1,221,106,220,-1,220,106,105,-1,226,221,227,-1,227,221,220,-1,227,220,92,-1,92,220,90,-1,224,96,97,-1,97,223,224,-1,224,223,221,-1,224,221,225,-1,225,221,226,-1,225,226,99,-1,99,226,93,-1,69,228,67,-1,67,228,155,-1,229,180,230,-1,230,180,166,-1,230,166,231,-1,231,166,165,-1,231,165,232,-1,232,165,141,-1,232,141,233,-1,233,141,140,-1,233,140,234,-1,234,140,126,-1,234,126,235,-1,235,126,118,-1,235,118,236,-1,236,118,163,-1,236,163,237,-1,237,163,162,-1,237,162,238,-1,238,162,160,-1,238,160,239,-1,239,160,158,-1,239,158,240,-1,240,158,156,-1,240,156,228,-1,228,156,155,-1,229,70,180,-1,180,70,66,-1,69,70,228,-1,228,70,229,-1,230,231,232,-1,229,234,235,-1,230,232,229,-1,229,232,233,-1,229,233,234,-1,235,236,229,-1,229,236,237,-1,229,237,238,-1,238,239,229,-1,229,239,240,-1,229,240,228,-1,86,12,84,-1,84,12,13,-1,241,135,242,-1,242,135,134,-1,242,134,243,-1,243,134,133,-1,243,133,244,-1,244,133,125,-1,244,125,245,-1,245,125,124,-1,245,124,246,-1,246,124,123,-1,246,123,0,-1,0,123,1,-1,241,81,135,-1,135,81,79,-1,2,4,243,-1,243,4,242,-1,242,4,241,-1,241,4,6,-1,241,6,8,-1,86,81,12,-1,12,81,241,-1,12,241,10,-1,10,241,8,-1,244,245,246,-1,244,246,243,-1,243,246,0,-1,243,0,2,-1,247,119,248,-1,248,119,151,-1,248,151,249,-1,249,151,150,-1,249,150,250,-1,250,150,149,-1,250,149,251,-1,251,149,148,-1,251,148,252,-1,252,148,128,-1,252,128,253,-1,253,128,127,-1,253,127,254,-1,254,127,132,-1,254,132,255,-1,255,132,154,-1,255,154,256,-1,256,154,153,-1,256,153,257,-1,257,153,152,-1,257,152,258,-1,258,152,131,-1,258,131,259,-1,259,131,130,-1,247,111,119,-1,119,111,112,-1,110,259,109,-1,109,259,130,-1,248,249,250,-1,254,247,253,-1,253,247,252,-1,110,111,259,-1,259,111,247,-1,259,247,258,-1,258,247,257,-1,248,250,247,-1,247,250,251,-1,247,251,252,-1,254,255,247,-1,247,255,256,-1,247,256,257,-1,64,260,65,-1,65,260,181,-1,261,183,262,-1,262,183,172,-1,262,172,263,-1,263,172,171,-1,263,171,264,-1,264,171,170,-1,264,170,265,-1,265,170,142,-1,265,142,266,-1,266,142,174,-1,266,174,267,-1,267,174,139,-1,267,139,268,-1,268,139,164,-1,268,164,269,-1,269,164,169,-1,269,169,270,-1,270,169,168,-1,270,168,271,-1,271,168,167,-1,271,167,272,-1,272,167,182,-1,272,182,260,-1,260,182,181,-1,261,73,183,-1,183,73,72,-1,265,266,260,-1,64,73,260,-1,260,73,261,-1,260,261,262,-1,262,263,260,-1,260,263,264,-1,260,264,265,-1,271,268,270,-1,270,268,269,-1,266,267,260,-1,260,267,268,-1,260,268,272,-1,272,268,271,-1,55,273,71,-1,71,273,184,-1,274,178,275,-1,275,178,179,-1,275,179,276,-1,276,179,177,-1,276,177,277,-1,277,177,176,-1,277,176,278,-1,278,176,175,-1,278,175,279,-1,279,175,146,-1,279,146,280,-1,280,146,145,-1,280,145,281,-1,281,145,173,-1,281,173,282,-1,282,173,144,-1,282,144,283,-1,283,144,143,-1,283,143,284,-1,284,143,186,-1,284,186,285,-1,285,186,185,-1,285,185,273,-1,273,185,184,-1,274,54,178,-1,178,54,63,-1,273,55,54,-1,54,274,273,-1,273,274,275,-1,273,275,276,-1,276,277,273,-1,273,277,278,-1,273,278,279,-1,284,281,283,-1,283,281,282,-1,279,280,273,-1,273,280,281,-1,273,281,285,-1,285,281,284,-1,61,286,62,-1,62,286,147,-1,286,287,147,-1,147,287,129,-1,287,60,129,-1,129,60,58,-1,287,286,60,-1,60,286,61,-1,288,102,121,-1,121,102,108,-1,103,289,113,-1,113,289,122,-1,289,288,122,-1,122,288,121,-1,289,103,288,-1,288,103,102,-1,80,290,78,-1,78,290,115,-1,290,291,115,-1,115,291,120,-1,291,82,120,-1,120,82,76,-1,82,291,80,-1,80,291,290,-1,
        ]
    }
}
Shape{
    appearance Appearance {
        material  Material 	{
            diffuseColor 0.7529411764705882 0.7529411764705882 0.7529411764705882
            specularColor 0.3764705882352941 0.3764705882352941 0.3764705882352941
            ambientIntensity 0.7529
            transparency 0.0
            shininess 0.5
        }
    }
    geometry IndexedFaceSet {
        ccw TRUE
        solid FALSE
        coord DEF co Coordinate {
            point [
                0.3653 -0.4311 0.0394, 0.3653 -0.4311 0.0, 0.3589 -0.4315 0.0, 0.3589 -0.4315 0.0394, 0.3526 -0.4328 0.0, 0.3526 -0.4328 0.0394, 0.3465 -0.4348 0.0, 0.3465 -0.4348 0.0394, 0.3407 -0.4377 0.0, 0.3407 -0.4377 0.0394, 0.3354 -0.4413 0.0, 0.3354 -0.4413 0.0394, 0.3306 -0.4455 0.0, 0.3306 -0.4455 0.0394, 0.3263 -0.4504 0.0, 0.3263 -0.4504 0.0394, 0.3227 -0.4557 0.0, 0.3227 -0.4557 0.0394, 0.3199 -0.4615 0.0, 0.3199 -0.4615 0.0394, 0.3178 -0.4676 0.0, 0.3178 -0.4676 0.0394, 0.3166 -0.4739 0.0, 0.3166 -0.4739 0.0394, 0.3161 -0.4803 0.0, 0.3161 -0.4803 0.0394, 0.4146 -0.5886 0.0, 0.3161 -0.5886 0.0, 0.4146 -0.4803 0.0, 0.3842 -0.4348 0.0, 0.39 -0.4377 0.0, 0.408 -0.4557 0.0, 0.4108 -0.4615 0.0, 0.4129 -0.4676 0.0, 0.3718 -0.4315 0.0, 0.3953 -0.4413 0.0, 0.4001 -0.4455 0.0, 0.4044 -0.4504 0.0, 0.4141 -0.4739 0.0, 0.3781 -0.4328 0.0, 0.3161 -0.5886 0.0394, 0.4146 -0.4803 0.0394, 0.4141 -0.4739 0.0394, 0.4129 -0.4676 0.0394, 0.4108 -0.4615 0.0394, 0.408 -0.4557 0.0394, 0.4044 -0.4504 0.0394, 0.4001 -0.4455 0.0394, 0.3953 -0.4413 0.0394, 0.39 -0.4377 0.0394, 0.3842 -0.4348 0.0394, 0.3781 -0.4328 0.0394, 0.3718 -0.4315 0.0394, 0.4146 -0.5886 0.0394, -0.4398 -0.3384 0.0, -0.4462 -0.3407 0.0, -0.4595 -0.2441 0.0, -0.4398 -0.2482 0.0, -0.4339 -0.2513 0.0, -0.4339 -0.3354 0.0, -0.5677 -0.3425 0.0, -0.5677 -0.2441 0.0, -0.4595 -0.3425 0.0, -0.4528 -0.3421 0.0, -0.4462 -0.2459 0.0, -0.4284 -0.2551 0.0, -0.4235 -0.2597 0.0, -0.4284 -0.3315 0.0, -0.4158 -0.2707 0.0, -0.4131 -0.2768 0.0, -0.4235 -0.3269 0.0, -0.4528 -0.2446 0.0, -0.4192 -0.2649 0.0, -0.4113 -0.2833 0.0, -0.4104 -0.2899 0.0, -0.4104 -0.2967 0.0, -0.4113 -0.3033 0.0, -0.4131 -0.3098 0.0, -0.4192 -0.3217 0.0, -0.4158 -0.3159 0.0, -0.4595 -0.2441 0.0394, -0.5677 -0.2441 0.0394, -0.4595 -0.3425 0.0394, -0.4528 -0.3421 0.0394, -0.4462 -0.3407 0.0394, -0.4398 -0.3384 0.0394, -0.4339 -0.3354 0.0394, -0.4284 -0.3315 0.0394, -0.4235 -0.3269 0.0394, -0.4192 -0.3217 0.0394, -0.4158 -0.3159 0.0394, -0.4131 -0.3098 0.0394, -0.4113 -0.3033 0.0394, -0.4104 -0.2967 0.0394, -0.4104 -0.2899 0.0394, -0.4113 -0.2833 0.0394, -0.4131 -0.2768 0.0394, -0.4158 -0.2707 0.0394, -0.4192 -0.2649 0.0394, -0.4235 -0.2597 0.0394, -0.4284 -0.2551 0.0394, -0.4339 -0.2513 0.0394, -0.4398 -0.2482 0.0394, -0.4462 -0.2459 0.0394, -0.4528 -0.2446 0.0394, -0.5677 -0.3425 0.0394, -0.5677 0.0512 0.0, -0.5677 0.1496 0.0, -0.4595 0.0512 0.0, -0.4595 0.1496 0.0, -0.4528 0.1491 0.0, -0.4462 0.1478 0.0, -0.4398 0.1455 0.0, -0.4339 0.1424 0.0, -0.4131 0.0839 0.0, -0.4158 0.0778 0.0, -0.4235 0.134 0.0, -0.4113 0.1104 0.0, -0.4104 0.1038 0.0, -0.4192 0.072 0.0, -0.4235 0.0668 0.0, -0.4284 0.0622 0.0, -0.4339 0.0583 0.0, -0.4398 0.0553 0.0, -0.4462 0.053 0.0, -0.4284 0.1386 0.0, -0.4528 0.0516 0.0, -0.4192 0.1288 0.0, -0.4158 0.123 0.0, -0.4131 0.1169 0.0, -0.4104 0.097 0.0, -0.4113 0.0904 0.0, -0.4595 0.1496 0.0394, -0.5677 0.1496 0.0394, -0.4595 0.0512 0.0394, -0.4528 0.0516 0.0394, -0.4462 0.053 0.0394, -0.4398 0.0553 0.0394, -0.4339 0.0583 0.0394, -0.4284 0.0622 0.0394, -0.4235 0.0668 0.0394, -0.4192 0.072 0.0394, -0.4158 0.0778 0.0394, -0.4131 0.0839 0.0394, -0.4113 0.0904 0.0394, -0.4104 0.097 0.0394, -0.4104 0.1038 0.0394, -0.4113 0.1104 0.0394, -0.4131 0.1169 0.0394, -0.4158 0.123 0.0394, -0.4192 0.1288 0.0394, -0.4235 0.134 0.0394, -0.4284 0.1386 0.0394, -0.4339 0.1424 0.0394, -0.4398 0.1455 0.0394, -0.4462 0.1478 0.0394, -0.4528 0.1491 0.0394, -0.5677 0.0512 0.0394
            ]
        }
        coordIndex [
            0,1,2,-1,0,2,3,-1,3,2,4,-1,3,4,5,-1,5,4,6,-1,5,6,7,-1,7,6,8,-1,7,8,9,-1,9,8,10,-1,9,10,11,-1,11,10,12,-1,11,12,13,-1,13,12,14,-1,13,14,15,-1,15,14,16,-1,15,16,17,-1,17,16,18,-1,17,18,19,-1,19,18,20,-1,19,20,21,-1,21,20,22,-1,21,22,23,-1,23,22,24,-1,23,24,25,-1,26,27,28,-1,28,27,24,-1,24,22,28,-1,28,22,20,-1,28,20,18,-1,18,16,28,-1,28,16,14,-1,28,14,12,-1,29,30,4,-1,31,32,8,-1,8,32,33,-1,2,1,34,-1,30,35,4,-1,4,35,36,-1,4,36,6,-1,6,36,8,-1,8,36,37,-1,8,37,31,-1,12,10,28,-1,28,10,8,-1,28,8,38,-1,38,8,33,-1,2,34,4,-1,4,34,39,-1,4,39,29,-1,25,24,40,-1,40,24,27,-1,41,28,38,-1,41,38,42,-1,42,38,33,-1,42,33,43,-1,43,33,32,-1,43,32,44,-1,44,32,31,-1,44,31,45,-1,45,31,37,-1,45,37,46,-1,46,37,36,-1,46,36,47,-1,47,36,35,-1,47,35,48,-1,48,35,30,-1,48,30,49,-1,49,30,29,-1,49,29,50,-1,50,29,39,-1,50,39,51,-1,51,39,34,-1,51,34,52,-1,52,34,1,-1,52,1,0,-1,53,26,41,-1,41,26,28,-1,40,27,53,-1,53,27,26,-1,17,19,41,-1,41,19,21,-1,43,44,9,-1,11,13,41,-1,41,13,15,-1,41,15,17,-1,40,53,25,-1,25,53,41,-1,25,41,23,-1,23,41,21,-1,11,41,9,-1,9,41,42,-1,9,42,43,-1,44,45,9,-1,9,45,46,-1,9,46,47,-1,50,51,9,-1,9,51,52,-1,9,52,0,-1,0,3,9,-1,9,3,5,-1,9,5,7,-1,47,48,9,-1,9,48,49,-1,9,49,50,-1,54,55,56,-1,57,58,59,-1,60,61,62,-1,62,61,56,-1,62,56,63,-1,63,56,55,-1,57,59,64,-1,58,65,59,-1,59,65,66,-1,59,66,67,-1,68,69,70,-1,54,56,59,-1,59,56,71,-1,59,71,64,-1,67,66,70,-1,70,66,72,-1,70,72,68,-1,69,73,70,-1,70,73,74,-1,70,74,75,-1,75,76,70,-1,70,76,77,-1,70,77,78,-1,78,77,79,-1,80,56,81,-1,81,56,61,-1,82,62,63,-1,82,63,83,-1,83,63,55,-1,83,55,84,-1,84,55,54,-1,84,54,85,-1,85,54,59,-1,85,59,86,-1,86,59,67,-1,86,67,87,-1,87,67,70,-1,87,70,88,-1,88,70,78,-1,88,78,89,-1,89,78,79,-1,89,79,90,-1,90,79,77,-1,90,77,91,-1,91,77,76,-1,91,76,92,-1,92,76,75,-1,92,75,93,-1,93,75,74,-1,93,74,94,-1,94,74,73,-1,94,73,95,-1,95,73,69,-1,95,69,96,-1,96,69,68,-1,96,68,97,-1,97,68,72,-1,97,72,98,-1,98,72,66,-1,98,66,99,-1,99,66,65,-1,99,65,100,-1,100,65,58,-1,100,58,101,-1,101,58,57,-1,101,57,102,-1,102,57,64,-1,102,64,103,-1,103,64,71,-1,103,71,104,-1,104,71,56,-1,104,56,80,-1,105,60,82,-1,82,60,62,-1,81,61,105,-1,105,61,60,-1,81,105,80,-1,80,105,82,-1,80,82,83,-1,83,84,80,-1,80,84,85,-1,80,85,86,-1,90,91,99,-1,100,101,88,-1,88,101,102,-1,88,102,103,-1,86,87,80,-1,80,87,88,-1,80,88,104,-1,104,88,103,-1,100,88,99,-1,99,88,89,-1,99,89,90,-1,91,92,99,-1,99,92,93,-1,99,93,94,-1,94,95,99,-1,99,95,96,-1,99,96,98,-1,98,96,97,-1,106,107,108,-1,108,107,109,-1,108,109,110,-1,110,111,108,-1,108,111,112,-1,108,112,113,-1,114,115,116,-1,116,117,118,-1,115,119,116,-1,116,119,120,-1,116,120,121,-1,121,122,116,-1,116,122,123,-1,116,123,124,-1,113,125,108,-1,108,125,116,-1,108,116,126,-1,126,116,124,-1,127,128,116,-1,116,128,129,-1,116,129,117,-1,118,130,116,-1,116,130,131,-1,116,131,114,-1,132,109,133,-1,133,109,107,-1,134,108,126,-1,134,126,135,-1,135,126,124,-1,135,124,136,-1,136,124,123,-1,136,123,137,-1,137,123,122,-1,137,122,138,-1,138,122,121,-1,138,121,139,-1,139,121,120,-1,139,120,140,-1,140,120,119,-1,140,119,141,-1,141,119,115,-1,141,115,142,-1,142,115,114,-1,142,114,143,-1,143,114,131,-1,143,131,144,-1,144,131,130,-1,144,130,145,-1,145,130,118,-1,145,118,146,-1,146,118,117,-1,146,117,147,-1,147,117,129,-1,147,129,148,-1,148,129,128,-1,148,128,149,-1,149,128,127,-1,149,127,150,-1,150,127,116,-1,150,116,151,-1,151,116,125,-1,151,125,152,-1,152,125,113,-1,152,113,153,-1,153,113,112,-1,153,112,154,-1,154,112,111,-1,154,111,155,-1,155,111,110,-1,155,110,156,-1,156,110,109,-1,156,109,132,-1,157,106,134,-1,134,106,108,-1,133,107,157,-1,157,107,106,-1,155,134,154,-1,154,134,135,-1,154,135,136,-1,133,157,132,-1,132,157,134,-1,132,134,156,-1,156,134,155,-1,136,137,154,-1,154,137,138,-1,154,138,139,-1,139,140,154,-1,154,140,141,-1,154,141,142,-1,142,143,154,-1,154,143,144,-1,154,144,145,-1,153,154,152,-1,152,154,151,-1,145,146,154,-1,154,146,147,-1,154,147,148,-1,148,149,154,-1,154,149,150,-1,154,150,151,-1,
        ]
    }
}
Shape{
    appearance Appearance {
        material  Material 	{
            diffuseColor 1.0 1.0 1.0
            specularColor 0.5019607843137255 0.5019607843137255 0.5019607843137255
            ambientIntensity 1.0
            transparency 0.0
            shininess 0.5
        }
    }
    geometry IndexedFaceSet {
        ccw TRUE
        solid FALSE
        coord DEF co Coordinate {
            point [
                -0.3393 -0.5925 0.3395, -0.3393 -0.5925 0.3365, -0.3393 -0.5886 0.3395, -0.3393 -0.5886 0.3365, -0.3499 -0.5925 0.3395, -0.3499 -0.5886 0.3395, -0.3499 -0.5925 0.3632, -0.3499 -0.5886 0.3632, -0.3534 -0.5925 0.3632, -0.3534 -0.5886 0.3632, -0.3534 -0.5925 0.3365, -0.3534 -0.5886 0.3365, -0.3256 -0.5925 0.336, -0.3256 -0.5886 0.336, -0.324 -0.5886 0.3361, -0.324 -0.5925 0.3361, -0.3224 -0.5886 0.3362, -0.3224 -0.5925 0.3362, -0.3211 -0.5886 0.3365, -0.3211 -0.5925 0.3365, -0.3198 -0.5886 0.3369, -0.3198 -0.5925 0.3369, -0.3187 -0.5886 0.3373, -0.3187 -0.5925 0.3373, -0.3182 -0.5886 0.3376, -0.3182 -0.5925 0.3376, -0.3182 -0.5925 0.3409, -0.3182 -0.5886 0.3409, -0.3192 -0.5886 0.3403, -0.3192 -0.5925 0.3403, -0.3203 -0.5886 0.3399, -0.3203 -0.5925 0.3399, -0.3214 -0.5886 0.3395, -0.3214 -0.5925 0.3395, -0.3226 -0.5886 0.3393, -0.3226 -0.5925 0.3393, -0.3239 -0.5886 0.3391, -0.3239 -0.5925 0.3391, -0.3251 -0.5886 0.3391, -0.3251 -0.5925 0.3391, -0.3263 -0.5886 0.3392, -0.3263 -0.5925 0.3392, -0.3274 -0.5886 0.3393, -0.3274 -0.5925 0.3393, -0.3284 -0.5886 0.3396, -0.3284 -0.5925 0.3396, -0.3293 -0.5886 0.34, -0.3293 -0.5925 0.34, -0.3302 -0.5886 0.3404, -0.3302 -0.5925 0.3404, -0.331 -0.5886 0.341, -0.331 -0.5925 0.341, -0.3318 -0.5886 0.3417, -0.3318 -0.5925 0.3417, -0.332 -0.5886 0.3419, -0.332 -0.5925 0.3419, -0.3326 -0.5886 0.3427, -0.3326 -0.5925 0.3427, -0.3332 -0.5886 0.3435, -0.3332 -0.5925 0.3435, -0.3336 -0.5886 0.3445, -0.3336 -0.5925 0.3445, -0.334 -0.5886 0.3455, -0.334 -0.5925 0.3455, -0.3343 -0.5886 0.3466, -0.3343 -0.5925 0.3466, -0.3345 -0.5886 0.3478, -0.3345 -0.5925 0.3478, -0.3346 -0.5886 0.349, -0.3346 -0.5925 0.349, -0.3346 -0.5886 0.3495, -0.3346 -0.5925 0.3495, -0.3345 -0.5886 0.3509, -0.3345 -0.5925 0.3509, -0.3344 -0.5886 0.3522, -0.3344 -0.5925 0.3522, -0.3341 -0.5886 0.3534, -0.3341 -0.5925 0.3534, -0.3337 -0.5886 0.3545, -0.3337 -0.5925 0.3545, -0.3333 -0.5886 0.3555, -0.3333 -0.5925 0.3555, -0.3327 -0.5886 0.3564, -0.3327 -0.5925 0.3564, -0.3321 -0.5886 0.3572, -0.3321 -0.5925 0.3572, -0.3318 -0.5886 0.3575, -0.3318 -0.5925 0.3575, -0.331 -0.5886 0.3583, -0.331 -0.5925 0.3583, -0.3302 -0.5886 0.3589, -0.3302 -0.5925 0.3589, -0.3293 -0.5886 0.3594, -0.3293 -0.5925 0.3594, -0.3284 -0.5886 0.3598, -0.3284 -0.5925 0.3598, -0.3274 -0.5886 0.3602, -0.3274 -0.5925 0.3602, -0.3263 -0.5886 0.3604, -0.3263 -0.5925 0.3604, -0.3252 -0.5886 0.3605, -0.3252 -0.5925 0.3605, -0.3245 -0.5886 0.3605, -0.3245 -0.5925 0.3605, -0.3232 -0.5886 0.3604, -0.3232 -0.5925 0.3604, -0.322 -0.5886 0.3603, -0.322 -0.5925 0.3603, -0.3208 -0.5886 0.36, -0.3208 -0.5925 0.36, -0.3196 -0.5886 0.3596, -0.3196 -0.5925 0.3596, -0.3186 -0.5886 0.3591, -0.3186 -0.5925 0.3591, -0.3182 -0.5886 0.3589, -0.3182 -0.5925 0.3589, -0.3182 -0.5925 0.3625, -0.3182 -0.5886 0.3625, -0.3193 -0.5886 0.3629, -0.3193 -0.5925 0.3629, -0.3204 -0.5886 0.3632, -0.3204 -0.5925 0.3632, -0.3217 -0.5886 0.3634, -0.3217 -0.5925 0.3634, -0.3232 -0.5886 0.3636, -0.3232 -0.5925 0.3636, -0.3245 -0.5886 0.3636, -0.3245 -0.5925 0.3636, -0.3259 -0.5886 0.3636, -0.3259 -0.5925 0.3636, -0.3273 -0.5886 0.3634, -0.3273 -0.5925 0.3634, -0.3285 -0.5886 0.3631, -0.3285 -0.5925 0.3631, -0.3297 -0.5886 0.3627, -0.3297 -0.5925 0.3627, -0.3308 -0.5886 0.3622, -0.3308 -0.5925 0.3622, -0.3319 -0.5886 0.3617, -0.3319 -0.5925 0.3617, -0.3329 -0.5886 0.361, -0.3329 -0.5925 0.361, -0.3338 -0.5886 0.3602, -0.3338 -0.5925 0.3602, -0.3343 -0.5886 0.3597, -0.3343 -0.5925 0.3597, -0.3352 -0.5886 0.3588, -0.3352 -0.5925 0.3588, -0.3359 -0.5886 0.3578, -0.3359 -0.5925 0.3578, -0.3365 -0.5886 0.3567, -0.3365 -0.5925 0.3567, -0.337 -0.5886 0.3556, -0.337 -0.5925 0.3556, -0.3375 -0.5886 0.3545, -0.3375 -0.5925 0.3545, -0.3378 -0.5886 0.3532, -0.3378 -0.5925 0.3532, -0.338 -0.5886 0.3519, -0.338 -0.5925 0.3519, -0.3382 -0.5886 0.3505, -0.3382 -0.5925 0.3505, -0.3382 -0.5886 0.3493, -0.3382 -0.5925 0.3493, -0.3381 -0.5886 0.3478, -0.3381 -0.5925 0.3478, -0.338 -0.5886 0.3464, -0.338 -0.5925 0.3464, -0.3377 -0.5886 0.3451, -0.3377 -0.5925 0.3451, -0.3373 -0.5886 0.3438, -0.3373 -0.5925 0.3438, -0.3369 -0.5886 0.3427, -0.3369 -0.5925 0.3427, -0.3363 -0.5886 0.3417, -0.3363 -0.5925 0.3417, -0.3356 -0.5886 0.3407, -0.3356 -0.5925 0.3407, -0.3349 -0.5886 0.3398, -0.3349 -0.5925 0.3398, -0.3348 -0.5886 0.3397, -0.3348 -0.5925 0.3397, -0.3339 -0.5886 0.3389, -0.3339 -0.5925 0.3389, -0.333 -0.5886 0.3382, -0.333 -0.5925 0.3382, -0.3321 -0.5886 0.3376, -0.3321 -0.5925 0.3376, -0.3311 -0.5886 0.3371, -0.3311 -0.5925 0.3371, -0.33 -0.5886 0.3367, -0.33 -0.5925 0.3367, -0.3288 -0.5886 0.3364, -0.3288 -0.5925 0.3364, -0.3276 -0.5886 0.3361, -0.3276 -0.5925 0.3361, -0.3263 -0.5886 0.336, -0.3263 -0.5925 0.336, -0.2985 -0.5925 0.3395, -0.2985 -0.5925 0.3365, -0.2985 -0.5886 0.3395, -0.2985 -0.5886 0.3365, -0.3094 -0.5925 0.3395, -0.3094 -0.5886 0.3395, -0.3094 -0.5925 0.3485, -0.3094 -0.5886 0.3485, -0.2999 -0.5925 0.3485, -0.2999 -0.5886 0.3485, -0.2999 -0.5925 0.3516, -0.2999 -0.5886 0.3516, -0.3094 -0.5925 0.3516, -0.3094 -0.5886 0.3516, -0.3094 -0.5925 0.3601, -0.3094 -0.5886 0.3601, -0.2991 -0.5925 0.3601, -0.2991 -0.5886 0.3601, -0.2991 -0.5925 0.3632, -0.2991 -0.5886 0.3632, -0.3129 -0.5925 0.3632, -0.3129 -0.5886 0.3632, -0.3129 -0.5925 0.3365, -0.3129 -0.5886 0.3365, -0.2812 -0.5925 0.3404, -0.2793 -0.5925 0.3378, -0.2802 -0.5925 0.3409, -0.2782 -0.5925 0.3384, -0.2793 -0.5925 0.3414, -0.2771 -0.5925 0.3391, -0.2785 -0.5925 0.342, -0.2762 -0.5925 0.3399, -0.2782 -0.5925 0.3423, -0.2758 -0.5925 0.3402, -0.2775 -0.5925 0.343, -0.2749 -0.5925 0.3411, -0.277 -0.5925 0.3439, -0.2742 -0.5925 0.342, -0.2765 -0.5925 0.3447, -0.2735 -0.5925 0.343, -0.2761 -0.5925 0.3457, -0.2756 -0.5925 0.3527, -0.2723 -0.5925 0.3541, -0.2759 -0.5925 0.3538, -0.2726 -0.5925 0.3552, -0.2762 -0.5925 0.3548, -0.2731 -0.5925 0.3563, -0.2767 -0.5925 0.3557, -0.2737 -0.5925 0.3573, -0.2772 -0.5925 0.3565, -0.2744 -0.5925 0.3582, -0.2752 -0.5925 0.359, -0.2779 -0.5925 0.3572, -0.2758 -0.5925 0.3596, -0.2783 -0.5925 0.3576, -0.2768 -0.5925 0.3604, -0.2791 -0.5925 0.3582, -0.2778 -0.5925 0.3611, -0.28 -0.5925 0.3588, -0.2789 -0.5925 0.3617, -0.281 -0.5925 0.3592, -0.2801 -0.5925 0.3622, -0.2821 -0.5925 0.3596, -0.2813 -0.5925 0.3626, -0.2832 -0.5925 0.3599, -0.2826 -0.5925 0.3629, -0.2844 -0.5925 0.36, -0.284 -0.5925 0.3631, -0.2858 -0.5925 0.3601, -0.2855 -0.5925 0.3632, -0.286 -0.5925 0.3601, -0.2859 -0.5925 0.3632, -0.29 -0.5925 0.3601, -0.2935 -0.5925 0.3632, -0.29 -0.5925 0.3395, -0.2935 -0.5925 0.3365, -0.2862 -0.5925 0.3395, -0.2861 -0.5925 0.3365, -0.2847 -0.5925 0.3396, -0.2846 -0.5925 0.3365, -0.2834 -0.5925 0.3397, -0.2831 -0.5925 0.3367, -0.2822 -0.5925 0.34, -0.2818 -0.5925 0.337, -0.2805 -0.5925 0.3374, -0.273 -0.5925 0.3441, -0.2725 -0.5925 0.3452, -0.2757 -0.5925 0.3467, -0.2722 -0.5925 0.3464, -0.2755 -0.5925 0.3479, -0.2719 -0.5925 0.3476, -0.2754 -0.5925 0.3491, -0.2718 -0.5925 0.349, -0.2754 -0.5925 0.3501, -0.2718 -0.5925 0.3502, -0.2754 -0.5925 0.3514, -0.2718 -0.5925 0.3515, -0.272 -0.5925 0.3529, -0.2791 -0.5886 0.3582, -0.2768 -0.5886 0.3604, -0.2783 -0.5886 0.3576, -0.2758 -0.5886 0.3596, -0.2779 -0.5886 0.3572, -0.2752 -0.5886 0.359, -0.2772 -0.5886 0.3565, -0.2744 -0.5886 0.3582, -0.2767 -0.5886 0.3557, -0.2737 -0.5886 0.3573, -0.2762 -0.5886 0.3548, -0.2731 -0.5886 0.3563, -0.2759 -0.5886 0.3538, -0.2802 -0.5886 0.3409, -0.2793 -0.5886 0.3378, -0.2812 -0.5886 0.3404, -0.2805 -0.5886 0.3374, -0.2822 -0.5886 0.34, -0.2818 -0.5886 0.337, -0.2834 -0.5886 0.3397, -0.2831 -0.5886 0.3367, -0.2847 -0.5886 0.3396, -0.2846 -0.5886 0.3365, -0.2862 -0.5886 0.3395, -0.2861 -0.5886 0.3365, -0.29 -0.5886 0.3395, -0.2935 -0.5886 0.3365, -0.29 -0.5886 0.3601, -0.2935 -0.5886 0.3632, -0.286 -0.5886 0.3601, -0.2859 -0.5886 0.3632, -0.2858 -0.5886 0.3601, -0.2855 -0.5886 0.3632, -0.2844 -0.5886 0.36, -0.284 -0.5886 0.3631, -0.2832 -0.5886 0.3599, -0.2826 -0.5886 0.3629, -0.2821 -0.5886 0.3596, -0.2813 -0.5886 0.3626, -0.281 -0.5886 0.3592, -0.2801 -0.5886 0.3622, -0.28 -0.5886 0.3588, -0.2789 -0.5886 0.3617, -0.2778 -0.5886 0.3611, -0.2757 -0.5886 0.3467, -0.2725 -0.5886 0.3452, -0.2761 -0.5886 0.3457, -0.273 -0.5886 0.3441, -0.2765 -0.5886 0.3447, -0.2735 -0.5886 0.343, -0.277 -0.5886 0.3439, -0.2742 -0.5886 0.342, -0.2775 -0.5886 0.343, -0.2749 -0.5886 0.3411, -0.2782 -0.5886 0.3423, -0.2758 -0.5886 0.3402, -0.2785 -0.5886 0.342, -0.2762 -0.5886 0.3399, -0.2793 -0.5886 0.3414, -0.2771 -0.5886 0.3391, -0.2782 -0.5886 0.3384, -0.2726 -0.5886 0.3552, -0.2723 -0.5886 0.3541, -0.2756 -0.5886 0.3527, -0.272 -0.5886 0.3529, -0.2754 -0.5886 0.3514, -0.2718 -0.5886 0.3515, -0.2754 -0.5886 0.3501, -0.2718 -0.5886 0.3502, -0.2754 -0.5886 0.3491, -0.2718 -0.5886 0.349, -0.2755 -0.5886 0.3479, -0.2719 -0.5886 0.3476, -0.2722 -0.5886 0.3464, -0.2628 -0.5925 0.3468, -0.2639 -0.5925 0.3438, -0.2538 -0.5925 0.3468, -0.2528 -0.5925 0.3438, -0.2588 -0.5925 0.3579, -0.2601 -0.5925 0.3632, -0.2703 -0.5925 0.3365, -0.2665 -0.5925 0.3365, -0.2586 -0.5925 0.3587, -0.2584 -0.5925 0.3598, -0.2564 -0.5925 0.3632, -0.2583 -0.5925 0.3598, -0.2581 -0.5925 0.3586, -0.2579 -0.5925 0.3579, -0.2463 -0.5925 0.3365, -0.2501 -0.5925 0.3365, -0.2538 -0.5886 0.3468, -0.2579 -0.5886 0.3579, -0.2564 -0.5886 0.3632, -0.2581 -0.5886 0.3586, -0.2583 -0.5886 0.3598, -0.2601 -0.5886 0.3632, -0.2584 -0.5886 0.3598, -0.2586 -0.5886 0.3587, -0.2588 -0.5886 0.3579, -0.2628 -0.5886 0.3468, -0.2703 -0.5886 0.3365, -0.2463 -0.5886 0.3365, -0.2501 -0.5886 0.3365, -0.2528 -0.5886 0.3438, -0.2665 -0.5886 0.3365, -0.2639 -0.5886 0.3438, -0.339 -0.5925 0.2972, -0.339 -0.5925 0.2941, -0.339 -0.5886 0.2972, -0.339 -0.5886 0.2941, -0.3499 -0.5925 0.2972, -0.3499 -0.5886 0.2972, -0.3499 -0.5925 0.3062, -0.3499 -0.5886 0.3062, -0.3404 -0.5925 0.3062, -0.3404 -0.5886 0.3062, -0.3404 -0.5925 0.3092, -0.3404 -0.5886 0.3092, -0.3499 -0.5925 0.3092, -0.3499 -0.5886 0.3092, -0.3499 -0.5925 0.3178, -0.3499 -0.5886 0.3178, -0.3396 -0.5925 0.3178, -0.3396 -0.5886 0.3178, -0.3396 -0.5925 0.3208, -0.3396 -0.5886 0.3208, -0.3534 -0.5925 0.3208, -0.3534 -0.5886 0.3208, -0.3534 -0.5925 0.2941, -0.3534 -0.5886 0.2941, -0.3319 -0.5925 0.3016, -0.3315 -0.5925 0.3019, -0.3337 -0.5925 0.3039, -0.3238 -0.5925 0.2941, -0.3205 -0.5925 0.2941, -0.3238 -0.5925 0.2971, -0.3205 -0.5925 0.3064, -0.3264 -0.5925 0.3108, -0.3259 -0.5925 0.3106, -0.3245 -0.5925 0.3132, -0.3331 -0.5925 0.3043, -0.3312 -0.5925 0.3022, -0.3324 -0.5925 0.3047, -0.3239 -0.5925 0.313, -0.3254 -0.5925 0.3103, -0.3232 -0.5925 0.3127, -0.325 -0.5925 0.31, -0.3227 -0.5925 0.3123, -0.3222 -0.5925 0.3118, -0.3247 -0.5925 0.3096, -0.3218 -0.5925 0.3114, -0.3342 -0.5925 0.3035, -0.3347 -0.5925 0.303, -0.3321 -0.5925 0.3011, -0.335 -0.5925 0.3024, -0.3323 -0.5925 0.3007, -0.3315 -0.5925 0.305, -0.3307 -0.5925 0.3025, -0.3306 -0.5925 0.3053, -0.3301 -0.5925 0.3027, -0.3295 -0.5925 0.3055, -0.3318 -0.5925 0.2976, -0.3321 -0.5925 0.298, -0.3348 -0.5925 0.2959, -0.3324 -0.5925 0.299, -0.3356 -0.5925 0.2977, -0.3323 -0.5925 0.2985, -0.3354 -0.5925 0.297, -0.3352 -0.5925 0.2964, -0.3245 -0.5925 0.2991, -0.3239 -0.5925 0.2971, -0.3248 -0.5925 0.2985, -0.324 -0.5925 0.2969, -0.3282 -0.5925 0.2965, -0.3274 -0.5925 0.2941, -0.3275 -0.5925 0.2966, -0.3267 -0.5925 0.2943, -0.3269 -0.5925 0.2968, -0.3261 -0.5925 0.2947, -0.3264 -0.5925 0.2971, -0.3238 -0.5925 0.3018, -0.3239 -0.5925 0.301, -0.324 -0.5925 0.3003, -0.3242 -0.5925 0.2997, -0.3215 -0.5925 0.3108, -0.3244 -0.5925 0.3091, -0.3211 -0.5925 0.3101, -0.3242 -0.5925 0.3086, -0.3209 -0.5925 0.3093, -0.3238 -0.5925 0.3037, -0.3238 -0.5925 0.3063, -0.3283 -0.5925 0.3031, -0.3294 -0.5925 0.3029, -0.3256 -0.5925 0.2951, -0.325 -0.5925 0.2956, -0.3259 -0.5925 0.2974, -0.3245 -0.5925 0.2962, -0.3254 -0.5925 0.2978, -0.3253 -0.5925 0.298, -0.3207 -0.5925 0.3085, -0.324 -0.5925 0.308, -0.3205 -0.5925 0.3075, -0.3239 -0.5925 0.3072, -0.3238 -0.5925 0.3064, -0.3315 -0.5925 0.2973, -0.3331 -0.5925 0.2944, -0.331 -0.5925 0.297, -0.3324 -0.5925 0.2941, -0.3306 -0.5925 0.2967, -0.3318 -0.5925 0.2939, -0.3301 -0.5925 0.2966, -0.3344 -0.5925 0.2954, -0.3342 -0.5925 0.2952, -0.3337 -0.5925 0.2948, -0.3353 -0.5925 0.3018, -0.3356 -0.5925 0.3012, -0.3324 -0.5925 0.3001, -0.3357 -0.5925 0.3005, -0.3324 -0.5925 0.2995, -0.3238 -0.5925 0.3019, -0.3253 -0.5925 0.3134, -0.3261 -0.5925 0.3136, -0.327 -0.5925 0.3109, -0.3271 -0.5925 0.3136, -0.3277 -0.5925 0.3109, -0.3274 -0.5925 0.3136, -0.328 -0.5925 0.3109, -0.3285 -0.5925 0.3136, -0.3289 -0.5925 0.3108, -0.3296 -0.5925 0.3135, -0.3298 -0.5925 0.3107, -0.3306 -0.5925 0.3133, -0.3306 -0.5925 0.3105, -0.3316 -0.5925 0.313, -0.3315 -0.5925 0.3101, -0.3325 -0.5925 0.3126, -0.3323 -0.5925 0.3097, -0.3334 -0.5925 0.3122, -0.3331 -0.5925 0.3092, -0.334 -0.5925 0.3119, -0.334 -0.5925 0.3086, -0.331 -0.5925 0.2938, -0.3302 -0.5925 0.2937, -0.3295 -0.5925 0.2965, -0.3298 -0.5925 0.2937, -0.3289 -0.5925 0.2964, -0.3289 -0.5925 0.2937, -0.3281 -0.5925 0.2939, -0.3358 -0.5925 0.2997, -0.3358 -0.5925 0.2992, -0.3358 -0.5925 0.2984, -0.3331 -0.5886 0.3092, -0.334 -0.5886 0.3086, -0.334 -0.5886 0.3119, -0.3232 -0.5886 0.3127, -0.325 -0.5886 0.31, -0.3254 -0.5886 0.3103, -0.3227 -0.5886 0.3123, -0.3222 -0.5886 0.3118, -0.3247 -0.5886 0.3096, -0.3218 -0.5886 0.3114, -0.3244 -0.5886 0.3091, -0.324 -0.5886 0.3003, -0.3239 -0.5886 0.301, -0.3205 -0.5886 0.3064, -0.327 -0.5886 0.3109, -0.3261 -0.5886 0.3136, -0.3264 -0.5886 0.3108, -0.3253 -0.5886 0.3134, -0.3259 -0.5886 0.3106, -0.3245 -0.5886 0.3132, -0.3239 -0.5886 0.313, -0.3242 -0.5886 0.2997, -0.3238 -0.5886 0.2971, -0.3238 -0.5886 0.2941, -0.3205 -0.5886 0.2941, -0.3318 -0.5886 0.2976, -0.3348 -0.5886 0.2959, -0.3321 -0.5886 0.298, -0.3352 -0.5886 0.2964, -0.3323 -0.5886 0.2985, -0.3315 -0.5886 0.3019, -0.3331 -0.5886 0.3043, -0.3312 -0.5886 0.3022, -0.3324 -0.5886 0.3047, -0.3307 -0.5886 0.3025, -0.3315 -0.5886 0.305, -0.3301 -0.5886 0.3027, -0.3306 -0.5886 0.3053, -0.3294 -0.5886 0.3029, -0.3295 -0.5886 0.3055, -0.3321 -0.5886 0.3011, -0.3347 -0.5886 0.303, -0.3319 -0.5886 0.3016, -0.3342 -0.5886 0.3035, -0.3337 -0.5886 0.3039, -0.3238 -0.5886 0.3037, -0.3205 -0.5886 0.3075, -0.3238 -0.5886 0.3019, -0.3238 -0.5886 0.3018, -0.3354 -0.5886 0.297, -0.3356 -0.5886 0.2977, -0.3324 -0.5886 0.299, -0.3315 -0.5886 0.2973, -0.3342 -0.5886 0.2952, -0.3344 -0.5886 0.2954, -0.331 -0.5886 0.297, -0.3331 -0.5886 0.2944, -0.3337 -0.5886 0.2948, -0.3215 -0.5886 0.3108, -0.3211 -0.5886 0.3101, -0.3242 -0.5886 0.3086, -0.3209 -0.5886 0.3093, -0.324 -0.5886 0.308, -0.3207 -0.5886 0.3085, -0.3239 -0.5886 0.3072, -0.3238 -0.5886 0.3064, -0.3238 -0.5886 0.3063, -0.3283 -0.5886 0.3031, -0.3324 -0.5886 0.3001, -0.3356 -0.5886 0.3012, -0.3323 -0.5886 0.3007, -0.3353 -0.5886 0.3018, -0.335 -0.5886 0.3024, -0.3358 -0.5886 0.2984, -0.3358 -0.5886 0.2992, -0.3324 -0.5886 0.2995, -0.3358 -0.5886 0.2997, -0.3357 -0.5886 0.3005, -0.3323 -0.5886 0.3097, -0.3334 -0.5886 0.3122, -0.3315 -0.5886 0.3101, -0.3325 -0.5886 0.3126, -0.3306 -0.5886 0.3105, -0.3316 -0.5886 0.313, -0.3298 -0.5886 0.3107, -0.3306 -0.5886 0.3133, -0.3289 -0.5886 0.3108, -0.3296 -0.5886 0.3135, -0.328 -0.5886 0.3109, -0.3285 -0.5886 0.3136, -0.3277 -0.5886 0.3109, -0.3274 -0.5886 0.3136, -0.3271 -0.5886 0.3136, -0.324 -0.5886 0.2969, -0.3245 -0.5886 0.2962, -0.3259 -0.5886 0.2974, -0.325 -0.5886 0.2956, -0.3264 -0.5886 0.2971, -0.3256 -0.5886 0.2951, -0.3269 -0.5886 0.2968, -0.3261 -0.5886 0.2947, -0.3275 -0.5886 0.2966, -0.3295 -0.5886 0.2965, -0.3302 -0.5886 0.2937, -0.3301 -0.5886 0.2966, -0.331 -0.5886 0.2938, -0.3306 -0.5886 0.2967, -0.3318 -0.5886 0.2939, -0.3324 -0.5886 0.2941, -0.3267 -0.5886 0.2943, -0.3274 -0.5886 0.2941, -0.3282 -0.5886 0.2965, -0.3281 -0.5886 0.2939, -0.3289 -0.5886 0.2964, -0.3289 -0.5886 0.2937, -0.3298 -0.5886 0.2937, -0.3254 -0.5886 0.2978, -0.3253 -0.5886 0.298, -0.3239 -0.5886 0.2971, -0.3248 -0.5886 0.2985, -0.3245 -0.5886 0.2991, -0.3105 -0.5925 0.2964, -0.3105 -0.5886 0.2964, -0.3113 -0.5886 0.2965, -0.3113 -0.5925 0.2965, -0.3122 -0.5886 0.2966, -0.3122 -0.5925 0.2966, -0.313 -0.5886 0.2968, -0.313 -0.5925 0.2968, -0.3138 -0.5886 0.2971, -0.3138 -0.5925 0.2971, -0.3146 -0.5886 0.2974, -0.3146 -0.5925 0.2974, -0.3154 -0.5886 0.2979, -0.3154 -0.5925 0.2979, -0.316 -0.5886 0.2983, -0.316 -0.5925 0.2983, -0.316 -0.5925 0.2948, -0.316 -0.5886 0.2948, -0.3152 -0.5886 0.2944, -0.3152 -0.5925 0.2944, -0.3143 -0.5886 0.2942, -0.3143 -0.5925 0.2942, -0.3134 -0.5886 0.2939, -0.3134 -0.5925 0.2939, -0.3124 -0.5886 0.2938, -0.3124 -0.5925 0.2938, -0.3114 -0.5886 0.2937, -0.3114 -0.5925 0.2937, -0.3108 -0.5886 0.2937, -0.3108 -0.5925 0.2937, -0.3097 -0.5886 0.2937, -0.3097 -0.5925 0.2937, -0.3087 -0.5886 0.2938, -0.3087 -0.5925 0.2938, -0.3078 -0.5886 0.294, -0.3078 -0.5925 0.294, -0.307 -0.5886 0.2943, -0.307 -0.5925 0.2943, -0.3062 -0.5886 0.2946, -0.3062 -0.5925 0.2946, -0.3055 -0.5886 0.295, -0.3055 -0.5925 0.295, -0.3052 -0.5886 0.2952, -0.3052 -0.5925 0.2952, -0.3047 -0.5886 0.2956, -0.3047 -0.5925 0.2956, -0.3042 -0.5886 0.2961, -0.3042 -0.5925 0.2961, -0.3039 -0.5886 0.2966, -0.3039 -0.5925 0.2966, -0.3036 -0.5886 0.2971, -0.3036 -0.5925 0.2971, -0.3033 -0.5886 0.2977, -0.3033 -0.5925 0.2977, -0.3032 -0.5886 0.2983, -0.3032 -0.5925 0.2983, -0.3031 -0.5886 0.2989, -0.3031 -0.5925 0.2989, -0.3031 -0.5886 0.2993, -0.3031 -0.5925 0.2993, -0.3031 -0.5886 0.3, -0.3031 -0.5925 0.3, -0.3033 -0.5886 0.3006, -0.3033 -0.5925 0.3006, -0.3034 -0.5886 0.3012, -0.3034 -0.5925 0.3012, -0.3037 -0.5886 0.3018, -0.3037 -0.5925 0.3018, -0.304 -0.5886 0.3023, -0.304 -0.5925 0.3023, -0.3042 -0.5886 0.3025, -0.3042 -0.5925 0.3025, -0.3046 -0.5886 0.3029, -0.3046 -0.5925 0.3029, -0.3052 -0.5886 0.3033, -0.3052 -0.5925 0.3033, -0.3059 -0.5886 0.3037, -0.3059 -0.5925 0.3037, -0.3068 -0.5886 0.3042, -0.3068 -0.5925 0.3042, -0.3079 -0.5886 0.3047, -0.3079 -0.5925 0.3047, -0.3085 -0.5886 0.3049, -0.3085 -0.5925 0.3049, -0.31 -0.5886 0.3056, -0.31 -0.5925 0.3056, -0.3109 -0.5886 0.306, -0.3109 -0.5925 0.306, -0.3115 -0.5886 0.3064, -0.3115 -0.5925 0.3064, -0.3118 -0.5886 0.3066, -0.3118 -0.5925 0.3066, -0.3121 -0.5886 0.3069, -0.3121 -0.5925 0.3069, -0.3123 -0.5886 0.3072, -0.3123 -0.5925 0.3072, -0.3124 -0.5886 0.3076, -0.3124 -0.5925 0.3076, -0.3125 -0.5886 0.3081, -0.3125 -0.5925 0.3081, -0.3125 -0.5886 0.3084, -0.3125 -0.5925 0.3084, -0.3125 -0.5886 0.3088, -0.3125 -0.5925 0.3088, -0.3123 -0.5886 0.3092, -0.3123 -0.5925 0.3092, -0.3122 -0.5886 0.3095, -0.3122 -0.5925 0.3095, -0.3119 -0.5886 0.3099, -0.3119 -0.5925 0.3099, -0.3115 -0.5886 0.3102, -0.3115 -0.5925 0.3102, -0.3115 -0.5886 0.3102, -0.3115 -0.5925 0.3102, -0.311 -0.5886 0.3105, -0.311 -0.5925 0.3105, -0.3105 -0.5886 0.3107, -0.3105 -0.5925 0.3107, -0.31 -0.5886 0.3108, -0.31 -0.5925 0.3108, -0.3093 -0.5886 0.3109, -0.3093 -0.5925 0.3109, -0.3089 -0.5886 0.3109, -0.3089 -0.5925 0.3109, -0.3079 -0.5886 0.3109, -0.3079 -0.5925 0.3109, -0.3071 -0.5886 0.3108, -0.3071 -0.5925 0.3108, -0.3063 -0.5886 0.3106, -0.3063 -0.5925 0.3106, -0.3055 -0.5886 0.3103, -0.3055 -0.5925 0.3103, -0.3047 -0.5886 0.3099, -0.3047 -0.5925 0.3099, -0.304 -0.5886 0.3095, -0.304 -0.5925 0.3095, -0.304 -0.5925 0.3128, -0.304 -0.5886 0.3128, -0.3049 -0.5886 0.3131, -0.3049 -0.5925 0.3131, -0.3058 -0.5886 0.3133, -0.3058 -0.5925 0.3133, -0.3067 -0.5886 0.3135, -0.3067 -0.5925 0.3135, -0.3077 -0.5886 0.3136, -0.3077 -0.5925 0.3136, -0.3085 -0.5886 0.3136, -0.3085 -0.5925 0.3136, -0.3095 -0.5886 0.3136, -0.3095 -0.5925 0.3136, -0.3105 -0.5886 0.3135, -0.3105 -0.5925 0.3135, -0.3113 -0.5886 0.3133, -0.3113 -0.5925 0.3133, -0.3121 -0.5886 0.313, -0.3121 -0.5925 0.313, -0.3129 -0.5886 0.3127, -0.3129 -0.5925 0.3127, -0.3136 -0.5886 0.3123, -0.3136 -0.5925 0.3123, -0.3138 -0.5886 0.3121, -0.3138 -0.5925 0.3121, -0.3144 -0.5886 0.3117, -0.3144 -0.5925 0.3117, -0.3148 -0.5886 0.3112, -0.3148 -0.5925 0.3112, -0.3152 -0.5886 0.3107, -0.3152 -0.5925 0.3107, -0.3155 -0.5886 0.3101, -0.3155 -0.5925 0.3101, -0.3157 -0.5886 0.3096, -0.3157 -0.5925 0.3096, -0.3159 -0.5886 0.309, -0.3159 -0.5925 0.309, -0.3159 -0.5886 0.3083, -0.3159 -0.5925 0.3083, -0.3159 -0.5886 0.3081, -0.3159 -0.5925 0.3081, -0.3159 -0.5886 0.3073, -0.3159 -0.5925 0.3073, -0.3158 -0.5886 0.3067, -0.3158 -0.5925 0.3067, -0.3156 -0.5886 0.3061, -0.3156 -0.5925 0.3061, -0.3153 -0.5886 0.3055, -0.3153 -0.5925 0.3055, -0.315 -0.5886 0.305, -0.315 -0.5925 0.305, -0.3147 -0.5886 0.3046, -0.3147 -0.5925 0.3046, -0.3142 -0.5886 0.3043, -0.3142 -0.5925 0.3043, -0.3136 -0.5886 0.3038, -0.3136 -0.5925 0.3038, -0.3128 -0.5886 0.3034, -0.3128 -0.5925 0.3034, -0.3118 -0.5886 0.3029, -0.3118 -0.5925 0.3029, -0.3109 -0.5886 0.3025, -0.3109 -0.5925 0.3025, -0.3094 -0.5886 0.3019, -0.3094 -0.5925 0.3019, -0.3084 -0.5886 0.3015, -0.3084 -0.5925 0.3015, -0.3078 -0.5886 0.3011, -0.3078 -0.5925 0.3011, -0.3074 -0.5886 0.3008, -0.3074 -0.5925 0.3008, -0.3071 -0.5886 0.3005, -0.3071 -0.5925 0.3005, -0.3068 -0.5886 0.3001, -0.3068 -0.5925 0.3001, -0.3066 -0.5886 0.2997, -0.3066 -0.5925 0.2997, -0.3065 -0.5886 0.2993, -0.3065 -0.5925 0.2993, -0.3065 -0.5886 0.299, -0.3065 -0.5925 0.299, -0.3066 -0.5886 0.2985, -0.3066 -0.5925 0.2985, -0.3067 -0.5886 0.2981, -0.3067 -0.5925 0.2981, -0.3069 -0.5886 0.2977, -0.3069 -0.5925 0.2977, -0.3071 -0.5886 0.2974, -0.3071 -0.5925 0.2974, -0.3074 -0.5886 0.2971, -0.3074 -0.5925 0.2971, -0.3078 -0.5886 0.2969, -0.3078 -0.5925 0.2969, -0.3082 -0.5886 0.2967, -0.3082 -0.5925 0.2967, -0.3088 -0.5886 0.2966, -0.3088 -0.5925 0.2966, -0.3095 -0.5886 0.2965, -0.3095 -0.5925 0.2965, -0.3103 -0.5886 0.2964, -0.3103 -0.5925 0.2964, -0.2865 -0.5925 0.3132, -0.2831 -0.5925 0.3132, -0.2865 -0.5886 0.3132, -0.2831 -0.5886 0.3132, -0.2917 -0.5925 0.2988, -0.2917 -0.5886 0.2988, -0.292 -0.5886 0.298, -0.292 -0.5925 0.298, -0.2921 -0.5886 0.2973, -0.2921 -0.5925 0.2973, -0.2922 -0.5925 0.2973, -0.2922 -0.5886 0.2973, -0.2926 -0.5925 0.2989, -0.2926 -0.5886 0.2989, -0.2976 -0.5925 0.3132, -0.2976 -0.5886 0.3132, -0.3014 -0.5925 0.3132, -0.3014 -0.5886 0.3132, -0.2939 -0.5925 0.2942, -0.2939 -0.5886 0.2942, -0.2953 -0.5925 0.2907, -0.2953 -0.5886 0.2907, -0.2957 -0.5886 0.2899, -0.2957 -0.5925 0.2899, -0.2961 -0.5886 0.2893, -0.2961 -0.5925 0.2893, -0.2966 -0.5886 0.2888, -0.2966 -0.5925 0.2888, -0.2971 -0.5886 0.2885, -0.2971 -0.5925 0.2885, -0.2977 -0.5886 0.2882, -0.2977 -0.5925 0.2882, -0.2982 -0.5886 0.2881, -0.2982 -0.5925 0.2881, -0.2988 -0.5886 0.288, -0.2988 -0.5925 0.288, -0.2995 -0.5886 0.2881, -0.2995 -0.5925 0.2881, -0.3002 -0.5886 0.2883, -0.3002 -0.5925 0.2883, -0.3007 -0.5886 0.2884, -0.3007 -0.5925 0.2884, -0.3007 -0.5925 0.2854, -0.3007 -0.5886 0.2854, -0.2999 -0.5886 0.2853, -0.2999 -0.5925 0.2853, -0.2989 -0.5886 0.2852, -0.2989 -0.5925 0.2852, -0.2985 -0.5886 0.2852, -0.2985 -0.5925 0.2852, -0.2977 -0.5886 0.2852, -0.2977 -0.5925 0.2852, -0.2969 -0.5886 0.2854, -0.2969 -0.5925 0.2854, -0.2962 -0.5886 0.2857, -0.2962 -0.5925 0.2857, -0.2955 -0.5886 0.286, -0.2955 -0.5925 0.286, -0.2948 -0.5886 0.2865, -0.2948 -0.5925 0.2865, -0.2941 -0.5886 0.2872, -0.2941 -0.5925 0.2872, -0.2935 -0.5886 0.2879, -0.2935 -0.5925 0.2879, -0.2929 -0.5886 0.2888, -0.2929 -0.5925 0.2888, -0.2923 -0.5886 0.2899, -0.2923 -0.5925 0.2899, -0.2917 -0.5886 0.2913, -0.2917 -0.5925 0.2913, -0.2651 -0.5925 0.2972, -0.2651 -0.5925 0.2941, -0.2651 -0.5886 0.2972, -0.2651 -0.5886 0.2941, -0.276 -0.5925 0.2972, -0.276 -0.5886 0.2972, -0.276 -0.5925 0.3062, -0.276 -0.5886 0.3062, -0.2665 -0.5925 0.3062, -0.2665 -0.5886 0.3062, -0.2665 -0.5925 0.3092, -0.2665 -0.5886 0.3092, -0.276 -0.5925 0.3092, -0.276 -0.5886 0.3092, -0.276 -0.5925 0.3178, -0.276 -0.5886 0.3178, -0.2657 -0.5925 0.3178, -0.2657 -0.5886 0.3178, -0.2657 -0.5925 0.3208, -0.2657 -0.5886 0.3208, -0.2795 -0.5925 0.3208, -0.2795 -0.5886 0.3208, -0.2795 -0.5925 0.2941, -0.2795 -0.5886 0.2941, -0.2477 -0.5925 0.298, -0.2459 -0.5925 0.2955, -0.2468 -0.5925 0.2985, -0.2448 -0.5925 0.2961, -0.2459 -0.5925 0.2991, -0.2437 -0.5925 0.2968, -0.2451 -0.5925 0.2997, -0.2427 -0.5925 0.2975, -0.2448 -0.5925 0.3, -0.2424 -0.5925 0.2979, -0.2441 -0.5925 0.3007, -0.2415 -0.5925 0.2988, -0.2435 -0.5925 0.3015, -0.2407 -0.5925 0.2997, -0.243 -0.5925 0.3024, -0.2401 -0.5925 0.3007, -0.2426 -0.5925 0.3034, -0.2422 -0.5925 0.3103, -0.2388 -0.5925 0.3117, -0.2425 -0.5925 0.3114, -0.2392 -0.5925 0.3129, -0.2428 -0.5925 0.3124, -0.2397 -0.5925 0.3139, -0.2433 -0.5925 0.3133, -0.2403 -0.5925 0.3149, -0.2438 -0.5925 0.3141, -0.241 -0.5925 0.3158, -0.2417 -0.5925 0.3167, -0.2444 -0.5925 0.3148, -0.2424 -0.5925 0.3173, -0.2449 -0.5925 0.3152, -0.2434 -0.5925 0.3181, -0.2457 -0.5925 0.3159, -0.2444 -0.5925 0.3188, -0.2466 -0.5925 0.3164, -0.2455 -0.5925 0.3194, -0.2476 -0.5925 0.3169, -0.2467 -0.5925 0.3199, -0.2486 -0.5925 0.3172, -0.2479 -0.5925 0.3203, -0.2498 -0.5925 0.3175, -0.2492 -0.5925 0.3205, -0.251 -0.5925 0.3177, -0.2506 -0.5925 0.3207, -0.2523 -0.5925 0.3178, -0.2521 -0.5925 0.3208, -0.2526 -0.5925 0.3178, -0.2524 -0.5925 0.3208, -0.2566 -0.5925 0.3178, -0.2601 -0.5925 0.3208, -0.2566 -0.5925 0.2972, -0.2601 -0.5925 0.2941, -0.2527 -0.5925 0.2972, -0.2527 -0.5925 0.2941, -0.2513 -0.5925 0.2972, -0.2512 -0.5925 0.2942, -0.25 -0.5925 0.2974, -0.2497 -0.5925 0.2944, -0.2488 -0.5925 0.2977, -0.2483 -0.5925 0.2946, -0.2471 -0.5925 0.295, -0.2395 -0.5925 0.3017, -0.2391 -0.5925 0.3029, -0.2423 -0.5925 0.3044, -0.2388 -0.5925 0.304, -0.2421 -0.5925 0.3055, -0.2385 -0.5925 0.3053, -0.242 -0.5925 0.3068, -0.2384 -0.5925 0.3066, -0.242 -0.5925 0.3077, -0.2383 -0.5925 0.3078, -0.242 -0.5925 0.3091, -0.2384 -0.5925 0.3092, -0.2386 -0.5925 0.3105, -0.2457 -0.5886 0.3159, -0.2434 -0.5886 0.3181, -0.2449 -0.5886 0.3152, -0.2424 -0.5886 0.3173, -0.2444 -0.5886 0.3148, -0.2417 -0.5886 0.3167, -0.2438 -0.5886 0.3141, -0.241 -0.5886 0.3158, -0.2433 -0.5886 0.3133, -0.2403 -0.5886 0.3149, -0.2428 -0.5886 0.3124, -0.2397 -0.5886 0.3139, -0.2425 -0.5886 0.3114, -0.2468 -0.5886 0.2985, -0.2459 -0.5886 0.2955, -0.2477 -0.5886 0.298, -0.2471 -0.5886 0.295, -0.2488 -0.5886 0.2977, -0.2483 -0.5886 0.2946, -0.25 -0.5886 0.2974, -0.2497 -0.5886 0.2944, -0.2513 -0.5886 0.2972, -0.2512 -0.5886 0.2942, -0.2527 -0.5886 0.2972, -0.2527 -0.5886 0.2941, -0.2566 -0.5886 0.2972, -0.2601 -0.5886 0.2941, -0.2566 -0.5886 0.3178, -0.2601 -0.5886 0.3208, -0.2526 -0.5886 0.3178, -0.2524 -0.5886 0.3208, -0.2523 -0.5886 0.3178, -0.2521 -0.5886 0.3208, -0.251 -0.5886 0.3177, -0.2506 -0.5886 0.3207, -0.2498 -0.5886 0.3175, -0.2492 -0.5886 0.3205, -0.2486 -0.5886 0.3172, -0.2479 -0.5886 0.3203, -0.2476 -0.5886 0.3169, -0.2467 -0.5886 0.3199, -0.2466 -0.5886 0.3164, -0.2455 -0.5886 0.3194, -0.2444 -0.5886 0.3188, -0.2423 -0.5886 0.3044, -0.2391 -0.5886 0.3029, -0.2426 -0.5886 0.3034, -0.2395 -0.5886 0.3017, -0.243 -0.5886 0.3024, -0.2401 -0.5886 0.3007, -0.2435 -0.5886 0.3015, -0.2407 -0.5886 0.2997, -0.2441 -0.5886 0.3007, -0.2415 -0.5886 0.2988, -0.2448 -0.5886 0.3, -0.2424 -0.5886 0.2979, -0.2451 -0.5886 0.2997, -0.2427 -0.5886 0.2975, -0.2459 -0.5886 0.2991, -0.2437 -0.5886 0.2968, -0.2448 -0.5886 0.2961, -0.2392 -0.5886 0.3129, -0.2388 -0.5886 0.3117, -0.2422 -0.5886 0.3103, -0.2386 -0.5886 0.3105, -0.242 -0.5886 0.3091, -0.2384 -0.5886 0.3092, -0.242 -0.5886 0.3077, -0.2383 -0.5886 0.3078, -0.242 -0.5886 0.3068, -0.2384 -0.5886 0.3066, -0.2421 -0.5886 0.3055, -0.2385 -0.5886 0.3053, -0.2388 -0.5886 0.304, -0.2294 -0.5925 0.3044, -0.2305 -0.5925 0.3014, -0.2204 -0.5925 0.3044, -0.2194 -0.5925 0.3014, -0.2254 -0.5925 0.3155, -0.2267 -0.5925 0.3208, -0.2368 -0.5925 0.2941, -0.233 -0.5925 0.2941, -0.2252 -0.5925 0.3163, -0.225 -0.5925 0.3174, -0.223 -0.5925 0.3208, -0.2249 -0.5925 0.3174, -0.2247 -0.5925 0.3163, -0.2245 -0.5925 0.3155, -0.2128 -0.5925 0.2941, -0.2166 -0.5925 0.2941, -0.2204 -0.5886 0.3044, -0.2245 -0.5886 0.3155, -0.223 -0.5886 0.3208, -0.2247 -0.5886 0.3163, -0.2249 -0.5886 0.3174, -0.2267 -0.5886 0.3208, -0.225 -0.5886 0.3174, -0.2252 -0.5886 0.3163, -0.2254 -0.5886 0.3155, -0.2294 -0.5886 0.3044, -0.2368 -0.5886 0.2941, -0.2128 -0.5886 0.2941, -0.2166 -0.5886 0.2941, -0.2194 -0.5886 0.3014, -0.233 -0.5886 0.2941, -0.2305 -0.5886 0.3014, -0.4684 -0.5925 0.2868, -0.4663 -0.5925 0.2851, -0.473 -0.5925 0.3071, -0.4566 -0.5925 0.3414, -0.4553 -0.5925 0.3407, -0.4612 -0.5925 0.3546, -0.4409 -0.5925 0.3132, -0.4553 -0.5925 0.3077, -0.454 -0.5925 0.3076, -0.4361 -0.5925 0.3005, -0.4479 -0.5925 0.2997, -0.4363 -0.5925 0.2981, -0.4483 -0.5925 0.2978, -0.4443 -0.5925 0.3548, -0.441 -0.5925 0.3566, -0.447 -0.5925 0.3664, -0.4033 -0.5925 0.3352, -0.394 -0.5925 0.3455, -0.4037 -0.5925 0.3374, -0.4047 -0.5925 0.341, -0.4612 -0.5925 0.3048, -0.4721 -0.5925 0.309, -0.4621 -0.5925 0.3032, -0.4626 -0.5925 0.3014, -0.396 -0.5925 0.3067, -0.3986 -0.5925 0.3059, -0.3959 -0.5925 0.2946, -0.4731 -0.5925 0.2944, -0.472 -0.5925 0.2916, -0.4704 -0.5925 0.2891, -0.4494 -0.5925 0.3047, -0.4485 -0.5925 0.3032, -0.448 -0.5925 0.3015, -0.4096 -0.5925 0.3164, -0.4155 -0.5925 0.3265, -0.4361 -0.5925 0.3024, -0.4571 -0.5925 0.3075, -0.4542 -0.5925 0.3196, -0.4551 -0.5925 0.3197, -0.4788 -0.5925 0.338, -0.4764 -0.5925 0.34, -0.4839 -0.5925 0.3488, -0.4522 -0.5925 0.307, -0.4507 -0.5925 0.3061, -0.4492 -0.5925 0.2962, -0.4381 -0.5925 0.2922, -0.4369 -0.5925 0.2951, -0.4603 -0.5925 0.2948, -0.4588 -0.5925 0.2938, -0.4637 -0.5925 0.2835, -0.457 -0.5925 0.2931, -0.4588 -0.5925 0.3068, -0.4661 -0.5925 0.3161, -0.4602 -0.5925 0.3058, -0.4685 -0.5925 0.3141, -0.4705 -0.5925 0.3117, -0.4582 -0.5925 0.3194, -0.4611 -0.5925 0.3187, -0.4638 -0.5925 0.3175, -0.3995 -0.5925 0.294, -0.4007 -0.5925 0.3056, -0.4107 -0.5925 0.294, -0.4092 -0.5925 0.3056, -0.4117 -0.5925 0.2942, -0.443 -0.5925 0.3681, -0.4376 -0.5925 0.3578, -0.4388 -0.5925 0.3693, -0.4061 -0.5925 0.3444, -0.3957 -0.5925 0.3493, -0.4081 -0.5925 0.3476, -0.4757 -0.5925 0.3087, -0.4789 -0.5925 0.2965, -0.4752 -0.5925 0.295, -0.443 -0.5925 0.3153, -0.4455 -0.5925 0.3171, -0.4483 -0.5925 0.3184, -0.4513 -0.5925 0.3193, -0.3886 -0.5925 0.3271, -0.3793 -0.5925 0.3341, -0.3901 -0.5925 0.3295, -0.3815 -0.5925 0.3371, -0.392 -0.5925 0.3315, -0.3841 -0.5925 0.3398, -0.3941 -0.5925 0.3331, -0.4539 -0.5925 0.3441, -0.452 -0.5925 0.3473, -0.4586 -0.5925 0.3577, -0.4498 -0.5925 0.3502, -0.4559 -0.5925 0.3605, -0.4471 -0.5925 0.3527, -0.4528 -0.5925 0.3629, -0.4509 -0.5925 0.3642, -0.4803 -0.5925 0.313, -0.4883 -0.5925 0.3035, -0.4782 -0.5925 0.3106, -0.4854 -0.5925 0.3007, -0.4823 -0.5925 0.2984, -0.4806 -0.5925 0.351, -0.4737 -0.5925 0.3416, -0.477 -0.5925 0.3527, -0.4733 -0.5925 0.354, -0.4708 -0.5925 0.3428, -0.4695 -0.5925 0.3547, -0.4677 -0.5925 0.3434, -0.4656 -0.5925 0.355, -0.4654 -0.5925 0.3436, -0.4634 -0.5925 0.3548, -0.4624 -0.5925 0.3433, -0.4595 -0.5925 0.3426, -0.4615 -0.5925 0.2962, -0.4623 -0.5925 0.2978, -0.4627 -0.5925 0.2995, -0.3925 -0.5925 0.2956, -0.3892 -0.5925 0.2972, -0.3935 -0.5925 0.3081, -0.3861 -0.5925 0.2991, -0.3914 -0.5925 0.3098, -0.3833 -0.5925 0.3015, -0.3907 -0.5925 0.3105, -0.3822 -0.5925 0.3026, -0.3891 -0.5925 0.3127, -0.3978 -0.5925 0.3529, -0.4004 -0.5925 0.3564, -0.4104 -0.5925 0.3505, -0.4034 -0.5925 0.3596, -0.4131 -0.5925 0.353, -0.484 -0.5925 0.3212, -0.4953 -0.5925 0.3165, -0.4832 -0.5925 0.3181, -0.4941 -0.5925 0.3127, -0.4819 -0.5925 0.3153, -0.4923 -0.5925 0.3091, -0.4902 -0.5925 0.3058, -0.4518 -0.5925 0.2938, -0.4438 -0.5925 0.2853, -0.4504 -0.5925 0.2948, -0.4417 -0.5925 0.2871, -0.4397 -0.5925 0.2895, -0.4608 -0.5925 0.2824, -0.4577 -0.5925 0.2817, -0.4553 -0.5925 0.2929, -0.4551 -0.5925 0.2815, -0.4535 -0.5925 0.2931, -0.3872 -0.5925 0.3177, -0.3753 -0.5925 0.3191, -0.387 -0.5925 0.3204, -0.3752 -0.5925 0.3206, -0.3871 -0.5925 0.3218, -0.3755 -0.5925 0.3242, -0.3876 -0.5925 0.3246, -0.3763 -0.5925 0.3276, -0.3776 -0.5925 0.331, -0.38 -0.5925 0.3054, -0.3781 -0.5925 0.3085, -0.388 -0.5925 0.3151, -0.3767 -0.5925 0.3119, -0.3757 -0.5925 0.3154, -0.4521 -0.5925 0.2818, -0.4491 -0.5925 0.2825, -0.4464 -0.5925 0.2837, -0.4018 -0.5925 0.3352, -0.3991 -0.5925 0.335, -0.3935 -0.5925 0.3453, -0.3965 -0.5925 0.3343, -0.3903 -0.5925 0.344, -0.3871 -0.5925 0.3421, -0.4101 -0.5925 0.3058, -0.4147 -0.5925 0.2961, -0.4142 -0.5925 0.2955, -0.4822 -0.5925 0.3334, -0.4939 -0.5925 0.3362, -0.4834 -0.5925 0.3306, -0.4952 -0.5925 0.3325, -0.4841 -0.5925 0.3277, -0.496 -0.5925 0.3286, -0.4843 -0.5925 0.3246, -0.4963 -0.5925 0.3249, -0.4843 -0.5925 0.324, -0.4963 -0.5925 0.3242, -0.496 -0.5925 0.3203, -0.4162 -0.5925 0.2999, -0.416 -0.5925 0.2985, -0.4156 -0.5925 0.2973, -0.4095 -0.5925 0.3057, -0.4129 -0.5925 0.2946, -0.4301 -0.5925 0.3703, -0.4299 -0.5925 0.3589, -0.4289 -0.5925 0.3703, -0.4262 -0.5925 0.3587, -0.4118 -0.5925 0.3056, -0.4131 -0.5925 0.3051, -0.4162 -0.5925 0.3005, -0.4142 -0.5925 0.3043, -0.4152 -0.5925 0.3033, -0.4159 -0.5925 0.3019, -0.4345 -0.5925 0.3701, -0.4339 -0.5925 0.3586, -0.4304 -0.5925 0.3589, -0.4868 -0.5925 0.3464, -0.4874 -0.5925 0.3458, -0.4806 -0.5925 0.3359, -0.49 -0.5925 0.3429, -0.4921 -0.5925 0.3397, -0.4103 -0.5925 0.3058, -0.4043 -0.5925 0.3605, -0.4079 -0.5925 0.3633, -0.4161 -0.5925 0.3551, -0.4118 -0.5925 0.3657, -0.4194 -0.5925 0.3568, -0.4159 -0.5925 0.3676, -0.4227 -0.5925 0.358, -0.4202 -0.5925 0.369, -0.4245 -0.5925 0.3699, -0.4155 -0.5886 0.3265, -0.4096 -0.5886 0.3164, -0.4409 -0.5886 0.3132, -0.4361 -0.5886 0.3024, -0.4464 -0.5886 0.2837, -0.473 -0.5886 0.3071, -0.4571 -0.5886 0.3075, -0.4588 -0.5886 0.3068, -0.4621 -0.5886 0.3032, -0.4626 -0.5886 0.3014, -0.4823 -0.5886 0.2984, -0.4627 -0.5886 0.2995, -0.4789 -0.5886 0.2965, -0.4471 -0.5886 0.3527, -0.4498 -0.5886 0.3502, -0.4586 -0.5886 0.3577, -0.4361 -0.5886 0.3005, -0.4363 -0.5886 0.2981, -0.4438 -0.5886 0.2853, -0.4417 -0.5886 0.2871, -0.4782 -0.5886 0.3106, -0.4757 -0.5886 0.3087, -0.4588 -0.5886 0.2938, -0.4663 -0.5886 0.2851, -0.4603 -0.5886 0.2948, -0.4684 -0.5886 0.2868, -0.4615 -0.5886 0.2962, -0.4553 -0.5886 0.2929, -0.4535 -0.5886 0.2931, -0.4521 -0.5886 0.2818, -0.4492 -0.5886 0.2962, -0.4483 -0.5886 0.2978, -0.4479 -0.5886 0.2997, -0.448 -0.5886 0.3015, -0.4539 -0.5886 0.3441, -0.4553 -0.5886 0.3407, -0.4612 -0.5886 0.3546, -0.4566 -0.5886 0.3414, -0.4764 -0.5886 0.34, -0.4806 -0.5886 0.351, -0.4737 -0.5886 0.3416, -0.477 -0.5886 0.3527, -0.4708 -0.5886 0.3428, -0.4733 -0.5886 0.354, -0.4677 -0.5886 0.3434, -0.4695 -0.5886 0.3547, -0.4654 -0.5886 0.3436, -0.4854 -0.5886 0.3007, -0.4883 -0.5886 0.3035, -0.4803 -0.5886 0.313, -0.4902 -0.5886 0.3058, -0.4819 -0.5886 0.3153, -0.4923 -0.5886 0.3091, -0.4832 -0.5886 0.3181, -0.4602 -0.5886 0.3058, -0.4612 -0.5886 0.3048, -0.452 -0.5886 0.3473, -0.4369 -0.5886 0.2951, -0.4381 -0.5886 0.2922, -0.4397 -0.5886 0.2895, -0.4595 -0.5886 0.3426, -0.4624 -0.5886 0.3433, -0.4634 -0.5886 0.3548, -0.4656 -0.5886 0.355, -0.4559 -0.5886 0.3605, -0.4528 -0.5886 0.3629, -0.4443 -0.5886 0.3548, -0.4509 -0.5886 0.3642, -0.441 -0.5886 0.3566, -0.388 -0.5886 0.3151, -0.3781 -0.5886 0.3085, -0.3891 -0.5886 0.3127, -0.38 -0.5886 0.3054, -0.3907 -0.5886 0.3105, -0.3822 -0.5886 0.3026, -0.3914 -0.5886 0.3098, -0.3833 -0.5886 0.3015, -0.3935 -0.5886 0.3081, -0.3901 -0.5886 0.3295, -0.3793 -0.5886 0.3341, -0.3886 -0.5886 0.3271, -0.3776 -0.5886 0.331, -0.3876 -0.5886 0.3246, -0.3763 -0.5886 0.3276, -0.3871 -0.5886 0.3218, -0.3755 -0.5886 0.3242, -0.387 -0.5886 0.3204, -0.3965 -0.5886 0.3343, -0.3991 -0.5886 0.335, -0.394 -0.5886 0.3455, -0.4018 -0.5886 0.3352, -0.4033 -0.5886 0.3352, -0.4704 -0.5886 0.2891, -0.472 -0.5886 0.2916, -0.4623 -0.5886 0.2978, -0.4731 -0.5886 0.2944, -0.4752 -0.5886 0.295, -0.4491 -0.5886 0.2825, -0.4518 -0.5886 0.2938, -0.4504 -0.5886 0.2948, -0.4553 -0.5886 0.3077, -0.4542 -0.5886 0.3196, -0.454 -0.5886 0.3076, -0.4513 -0.5886 0.3193, -0.4522 -0.5886 0.307, -0.4037 -0.5886 0.3374, -0.4047 -0.5886 0.341, -0.3957 -0.5886 0.3493, -0.4061 -0.5886 0.3444, -0.3978 -0.5886 0.3529, -0.4081 -0.5886 0.3476, -0.4004 -0.5886 0.3564, -0.4104 -0.5886 0.3505, -0.4551 -0.5886 0.2815, -0.4577 -0.5886 0.2817, -0.457 -0.5886 0.2931, -0.4608 -0.5886 0.2824, -0.4637 -0.5886 0.2835, -0.4483 -0.5886 0.3184, -0.4455 -0.5886 0.3171, -0.4507 -0.5886 0.3061, -0.443 -0.5886 0.3153, -0.4494 -0.5886 0.3047, -0.4485 -0.5886 0.3032, -0.4638 -0.5886 0.3175, -0.4611 -0.5886 0.3187, -0.4941 -0.5886 0.3127, -0.4953 -0.5886 0.3165, -0.484 -0.5886 0.3212, -0.496 -0.5886 0.3203, -0.4843 -0.5886 0.324, -0.4963 -0.5886 0.3242, -0.4843 -0.5886 0.3246, -0.4963 -0.5886 0.3249, -0.4841 -0.5886 0.3277, -0.496 -0.5886 0.3286, -0.4834 -0.5886 0.3306, -0.4142 -0.5886 0.2955, -0.4147 -0.5886 0.2961, -0.4101 -0.5886 0.3058, -0.4156 -0.5886 0.2973, -0.3752 -0.5886 0.3206, -0.3753 -0.5886 0.3191, -0.3872 -0.5886 0.3177, -0.3757 -0.5886 0.3154, -0.3767 -0.5886 0.3119, -0.4705 -0.5886 0.3117, -0.4685 -0.5886 0.3141, -0.4661 -0.5886 0.3161, -0.4582 -0.5886 0.3194, -0.4551 -0.5886 0.3197, -0.4806 -0.5886 0.3359, -0.4874 -0.5886 0.3458, -0.4788 -0.5886 0.338, -0.4868 -0.5886 0.3464, -0.4839 -0.5886 0.3488, -0.4952 -0.5886 0.3325, -0.4939 -0.5886 0.3362, -0.4822 -0.5886 0.3334, -0.4921 -0.5886 0.3397, -0.49 -0.5886 0.3429, -0.3861 -0.5886 0.2991, -0.3892 -0.5886 0.2972, -0.396 -0.5886 0.3067, -0.3925 -0.5886 0.2956, -0.3986 -0.5886 0.3059, -0.3959 -0.5886 0.2946, -0.4007 -0.5886 0.3056, -0.3995 -0.5886 0.294, -0.4092 -0.5886 0.3056, -0.4107 -0.5886 0.294, -0.4095 -0.5886 0.3057, -0.4117 -0.5886 0.2942, -0.4129 -0.5886 0.2946, -0.416 -0.5886 0.2985, -0.4162 -0.5886 0.2999, -0.4162 -0.5886 0.3005, -0.3935 -0.5886 0.3453, -0.3903 -0.5886 0.344, -0.3941 -0.5886 0.3331, -0.3871 -0.5886 0.3421, -0.392 -0.5886 0.3315, -0.3841 -0.5886 0.3398, -0.3815 -0.5886 0.3371, -0.4721 -0.5886 0.309, -0.4159 -0.5886 0.3019, -0.4152 -0.5886 0.3033, -0.4142 -0.5886 0.3043, -0.4131 -0.5886 0.3051, -0.4161 -0.5886 0.3551, -0.4079 -0.5886 0.3633, -0.4131 -0.5886 0.353, -0.4043 -0.5886 0.3605, -0.4034 -0.5886 0.3596, -0.447 -0.5886 0.3664, -0.443 -0.5886 0.3681, -0.4376 -0.5886 0.3578, -0.4388 -0.5886 0.3693, -0.4339 -0.5886 0.3586, -0.4345 -0.5886 0.3701, -0.4304 -0.5886 0.3589, -0.4301 -0.5886 0.3703, -0.4299 -0.5886 0.3589, -0.4289 -0.5886 0.3703, -0.4262 -0.5886 0.3587, -0.4245 -0.5886 0.3699, -0.4227 -0.5886 0.358, -0.4202 -0.5886 0.369, -0.4194 -0.5886 0.3568, -0.4159 -0.5886 0.3676, -0.4118 -0.5886 0.3657, -0.4118 -0.5886 0.3056, -0.4103 -0.5886 0.3058
            ]
        }
        coordIndex [
            0,1,2,-1,2,1,3,-1,4,0,5,-1,5,0,2,-1,6,4,7,-1,7,4,5,-1,8,6,9,-1,9,6,7,-1,10,8,11,-1,11,8,9,-1,1,10,3,-1,3,10,11,-1,6,8,4,-1,4,8,10,-1,4,10,0,-1,0,10,1,-1,2,3,5,-1,5,3,11,-1,5,11,7,-1,7,11,9,-1,12,13,14,-1,12,14,15,-1,15,14,16,-1,15,16,17,-1,17,16,18,-1,17,18,19,-1,19,18,20,-1,19,20,21,-1,21,20,22,-1,21,22,23,-1,23,22,24,-1,23,24,25,-1,26,25,27,-1,27,25,24,-1,26,27,28,-1,26,28,29,-1,29,28,30,-1,29,30,31,-1,31,30,32,-1,31,32,33,-1,33,32,34,-1,33,34,35,-1,35,34,36,-1,35,36,37,-1,37,36,38,-1,37,38,39,-1,39,38,40,-1,39,40,41,-1,41,40,42,-1,41,42,43,-1,43,42,44,-1,43,44,45,-1,45,44,46,-1,45,46,47,-1,47,46,48,-1,47,48,49,-1,49,48,50,-1,49,50,51,-1,51,50,52,-1,51,52,53,-1,53,52,54,-1,53,54,55,-1,55,54,56,-1,55,56,57,-1,57,56,58,-1,57,58,59,-1,59,58,60,-1,59,60,61,-1,61,60,62,-1,61,62,63,-1,63,62,64,-1,63,64,65,-1,65,64,66,-1,65,66,67,-1,67,66,68,-1,67,68,69,-1,69,68,70,-1,69,70,71,-1,71,70,72,-1,71,72,73,-1,73,72,74,-1,73,74,75,-1,75,74,76,-1,75,76,77,-1,77,76,78,-1,77,78,79,-1,79,78,80,-1,79,80,81,-1,81,80,82,-1,81,82,83,-1,83,82,84,-1,83,84,85,-1,85,84,86,-1,85,86,87,-1,87,86,88,-1,87,88,89,-1,89,88,90,-1,89,90,91,-1,91,90,92,-1,91,92,93,-1,93,92,94,-1,93,94,95,-1,95,94,96,-1,95,96,97,-1,97,96,98,-1,97,98,99,-1,99,98,100,-1,99,100,101,-1,101,100,102,-1,101,102,103,-1,103,102,104,-1,103,104,105,-1,105,104,106,-1,105,106,107,-1,107,106,108,-1,107,108,109,-1,109,108,110,-1,109,110,111,-1,111,110,112,-1,111,112,113,-1,113,112,114,-1,113,114,115,-1,116,115,117,-1,117,115,114,-1,116,117,118,-1,116,118,119,-1,119,118,120,-1,119,120,121,-1,121,120,122,-1,121,122,123,-1,123,122,124,-1,123,124,125,-1,125,124,126,-1,125,126,127,-1,127,126,128,-1,127,128,129,-1,129,128,130,-1,129,130,131,-1,131,130,132,-1,131,132,133,-1,133,132,134,-1,133,134,135,-1,135,134,136,-1,135,136,137,-1,137,136,138,-1,137,138,139,-1,139,138,140,-1,139,140,141,-1,141,140,142,-1,141,142,143,-1,143,142,144,-1,143,144,145,-1,145,144,146,-1,145,146,147,-1,147,146,148,-1,147,148,149,-1,149,148,150,-1,149,150,151,-1,151,150,152,-1,151,152,153,-1,153,152,154,-1,153,154,155,-1,155,154,156,-1,155,156,157,-1,157,156,158,-1,157,158,159,-1,159,158,160,-1,159,160,161,-1,161,160,162,-1,161,162,163,-1,163,162,164,-1,163,164,165,-1,165,164,166,-1,165,166,167,-1,167,166,168,-1,167,168,169,-1,169,168,170,-1,169,170,171,-1,171,170,172,-1,171,172,173,-1,173,172,174,-1,173,174,175,-1,175,174,176,-1,175,176,177,-1,177,176,178,-1,177,178,179,-1,179,178,180,-1,179,180,181,-1,181,180,182,-1,181,182,183,-1,183,182,184,-1,183,184,185,-1,185,184,186,-1,185,186,187,-1,187,186,188,-1,187,188,189,-1,189,188,190,-1,189,190,191,-1,191,190,192,-1,191,192,193,-1,193,192,194,-1,193,194,195,-1,195,194,196,-1,195,196,197,-1,197,196,13,-1,197,13,12,-1,113,115,116,-1,57,177,179,-1,31,23,29,-1,29,23,25,-1,29,25,26,-1,57,179,55,-1,55,179,181,-1,55,181,53,-1,53,181,183,-1,53,183,51,-1,51,183,185,-1,51,185,49,-1,49,185,187,-1,49,187,47,-1,47,187,189,-1,47,189,45,-1,189,191,45,-1,45,191,193,-1,45,193,43,-1,43,193,195,-1,43,195,41,-1,41,195,197,-1,41,197,39,-1,39,197,12,-1,39,12,37,-1,37,12,15,-1,37,15,35,-1,35,15,17,-1,35,17,33,-1,33,17,19,-1,33,19,31,-1,31,19,21,-1,31,21,23,-1,89,143,87,-1,87,143,145,-1,87,145,85,-1,85,145,83,-1,113,116,111,-1,111,116,119,-1,111,119,109,-1,109,119,121,-1,109,121,107,-1,107,121,123,-1,107,123,105,-1,105,123,125,-1,105,125,103,-1,103,125,127,-1,103,127,101,-1,101,127,129,-1,101,129,99,-1,99,129,131,-1,99,131,97,-1,97,131,133,-1,97,133,95,-1,95,133,135,-1,95,135,93,-1,93,135,137,-1,93,137,91,-1,91,137,139,-1,91,139,89,-1,89,139,141,-1,89,141,143,-1,145,147,83,-1,83,147,149,-1,83,149,81,-1,81,149,151,-1,81,151,79,-1,79,151,153,-1,79,153,77,-1,77,153,155,-1,77,155,75,-1,75,155,157,-1,75,157,73,-1,177,57,175,-1,175,57,59,-1,175,59,173,-1,173,59,61,-1,173,61,171,-1,171,61,63,-1,171,63,169,-1,169,63,65,-1,169,65,167,-1,167,65,165,-1,165,65,67,-1,165,67,163,-1,67,69,163,-1,163,69,71,-1,163,71,161,-1,161,71,73,-1,161,73,159,-1,159,73,157,-1,42,192,44,-1,44,192,190,-1,44,190,46,-1,46,190,188,-1,46,188,48,-1,48,188,186,-1,48,186,50,-1,50,186,184,-1,50,184,52,-1,52,184,182,-1,52,182,54,-1,182,180,54,-1,54,180,178,-1,54,178,56,-1,56,178,176,-1,56,176,58,-1,58,176,174,-1,58,174,60,-1,60,174,172,-1,60,172,62,-1,27,24,28,-1,28,24,22,-1,28,22,30,-1,30,22,20,-1,30,20,32,-1,32,20,18,-1,32,18,34,-1,34,18,16,-1,34,16,36,-1,36,16,14,-1,36,14,38,-1,38,14,13,-1,38,13,40,-1,40,13,196,-1,40,196,42,-1,42,196,194,-1,42,194,192,-1,114,112,117,-1,117,112,110,-1,117,110,118,-1,118,110,108,-1,80,148,82,-1,82,148,146,-1,82,146,84,-1,84,146,144,-1,84,144,86,-1,86,144,142,-1,86,142,88,-1,88,142,140,-1,88,140,90,-1,90,140,138,-1,90,138,92,-1,92,138,136,-1,92,136,94,-1,94,136,134,-1,94,134,96,-1,96,134,132,-1,96,132,98,-1,98,132,130,-1,98,130,100,-1,100,130,128,-1,100,128,102,-1,102,128,126,-1,102,126,104,-1,104,126,124,-1,104,124,106,-1,106,124,122,-1,106,122,108,-1,108,122,120,-1,108,120,118,-1,172,170,62,-1,62,170,168,-1,62,168,64,-1,64,168,166,-1,64,166,66,-1,66,166,164,-1,66,164,68,-1,68,164,162,-1,68,162,70,-1,70,162,160,-1,70,160,72,-1,72,160,158,-1,72,158,74,-1,74,158,156,-1,74,156,76,-1,76,156,154,-1,76,154,78,-1,78,154,152,-1,78,152,80,-1,80,152,150,-1,80,150,148,-1,198,199,200,-1,200,199,201,-1,202,198,203,-1,203,198,200,-1,204,202,205,-1,205,202,203,-1,206,204,207,-1,207,204,205,-1,208,206,209,-1,209,206,207,-1,210,208,211,-1,211,208,209,-1,212,210,213,-1,213,210,211,-1,214,212,215,-1,215,212,213,-1,216,214,217,-1,217,214,215,-1,218,216,219,-1,219,216,217,-1,220,218,221,-1,221,218,219,-1,199,220,201,-1,201,220,221,-1,220,199,198,-1,198,202,220,-1,220,202,204,-1,220,204,218,-1,214,216,212,-1,212,216,218,-1,212,218,210,-1,210,218,204,-1,210,204,208,-1,208,204,206,-1,219,217,215,-1,215,213,219,-1,219,213,211,-1,219,211,221,-1,200,201,203,-1,203,201,221,-1,203,221,205,-1,205,221,211,-1,205,211,207,-1,207,211,209,-1,222,223,224,-1,224,223,225,-1,224,225,226,-1,226,225,227,-1,226,227,228,-1,228,227,229,-1,228,229,230,-1,230,229,231,-1,230,231,232,-1,232,231,233,-1,232,233,234,-1,234,233,235,-1,234,235,236,-1,236,235,237,-1,236,237,238,-1,239,240,241,-1,241,240,242,-1,241,242,243,-1,243,242,244,-1,243,244,245,-1,245,244,246,-1,245,246,247,-1,246,248,247,-1,247,248,249,-1,247,249,250,-1,250,249,251,-1,250,251,252,-1,252,251,253,-1,252,253,254,-1,254,253,255,-1,254,255,256,-1,256,255,257,-1,256,257,258,-1,258,257,259,-1,258,259,260,-1,260,259,261,-1,260,261,262,-1,262,261,263,-1,262,263,264,-1,264,263,265,-1,264,265,266,-1,266,265,267,-1,266,267,268,-1,268,267,269,-1,268,269,270,-1,270,269,271,-1,270,271,272,-1,272,271,273,-1,272,273,274,-1,274,273,275,-1,274,275,276,-1,276,275,277,-1,276,277,278,-1,278,277,279,-1,278,279,280,-1,280,279,281,-1,280,281,222,-1,222,281,282,-1,222,282,223,-1,237,283,238,-1,238,283,284,-1,238,284,285,-1,285,284,286,-1,285,286,287,-1,287,286,288,-1,287,288,289,-1,289,288,290,-1,289,290,291,-1,291,290,292,-1,291,292,293,-1,293,292,294,-1,293,294,239,-1,239,294,295,-1,239,295,240,-1,296,297,298,-1,298,297,299,-1,298,299,300,-1,300,299,301,-1,300,301,302,-1,302,301,303,-1,302,303,304,-1,304,303,305,-1,304,305,306,-1,306,305,307,-1,306,307,308,-1,309,310,311,-1,311,310,312,-1,311,312,313,-1,313,312,314,-1,313,314,315,-1,315,314,316,-1,315,316,317,-1,317,316,318,-1,317,318,319,-1,319,318,320,-1,319,320,321,-1,321,320,322,-1,321,322,323,-1,323,322,324,-1,323,324,325,-1,325,324,326,-1,325,326,327,-1,327,326,328,-1,327,328,329,-1,329,328,330,-1,329,330,331,-1,331,330,332,-1,331,332,333,-1,333,332,334,-1,333,334,335,-1,335,334,336,-1,335,336,337,-1,337,336,338,-1,337,338,296,-1,296,338,339,-1,296,339,297,-1,340,341,342,-1,342,341,343,-1,342,343,344,-1,344,343,345,-1,344,345,346,-1,346,345,347,-1,346,347,348,-1,348,347,349,-1,348,349,350,-1,350,349,351,-1,350,351,352,-1,352,351,353,-1,352,353,354,-1,354,353,355,-1,354,355,309,-1,309,355,356,-1,309,356,310,-1,307,357,308,-1,308,357,358,-1,308,358,359,-1,359,358,360,-1,359,360,361,-1,361,360,362,-1,361,362,363,-1,363,362,364,-1,363,364,365,-1,365,364,366,-1,365,366,367,-1,367,366,368,-1,367,368,340,-1,340,368,369,-1,340,369,341,-1,275,273,320,-1,320,273,322,-1,275,320,318,-1,275,318,277,-1,277,318,316,-1,277,316,279,-1,279,316,314,-1,279,314,281,-1,281,314,312,-1,281,312,282,-1,282,312,310,-1,282,310,223,-1,223,310,356,-1,223,356,225,-1,225,356,355,-1,225,355,227,-1,227,355,353,-1,227,353,229,-1,229,353,351,-1,229,351,231,-1,231,351,349,-1,231,349,233,-1,233,349,347,-1,233,347,235,-1,235,347,345,-1,235,345,237,-1,237,345,343,-1,237,343,283,-1,283,343,341,-1,283,341,284,-1,284,341,369,-1,284,369,286,-1,286,369,368,-1,286,368,288,-1,288,368,366,-1,288,366,290,-1,290,366,364,-1,290,364,292,-1,292,364,362,-1,292,362,294,-1,294,362,360,-1,294,360,295,-1,295,360,358,-1,295,358,240,-1,240,358,357,-1,240,357,242,-1,242,357,307,-1,242,307,244,-1,244,307,305,-1,244,305,246,-1,246,305,303,-1,246,303,248,-1,248,303,301,-1,248,301,249,-1,249,301,299,-1,249,299,251,-1,251,299,297,-1,251,297,253,-1,253,297,339,-1,253,339,255,-1,255,339,338,-1,255,338,257,-1,257,338,336,-1,257,336,259,-1,259,336,334,-1,259,334,261,-1,261,334,332,-1,261,332,263,-1,263,332,330,-1,263,330,265,-1,265,330,328,-1,265,328,267,-1,267,328,326,-1,267,326,269,-1,271,269,324,-1,324,269,326,-1,273,271,322,-1,322,271,324,-1,268,270,325,-1,325,270,323,-1,270,272,323,-1,323,272,321,-1,272,274,321,-1,321,274,319,-1,230,350,352,-1,230,352,228,-1,228,352,354,-1,228,354,226,-1,226,354,309,-1,226,309,224,-1,224,309,311,-1,224,311,222,-1,222,311,313,-1,222,313,280,-1,280,313,315,-1,280,315,278,-1,278,315,317,-1,278,317,276,-1,276,317,319,-1,276,319,274,-1,291,363,365,-1,291,365,289,-1,289,365,367,-1,289,367,287,-1,287,367,340,-1,287,340,285,-1,285,340,342,-1,285,342,238,-1,238,342,344,-1,238,344,236,-1,236,344,346,-1,236,346,234,-1,234,346,348,-1,234,348,232,-1,232,348,350,-1,232,350,230,-1,252,298,300,-1,252,300,250,-1,250,300,302,-1,250,302,247,-1,247,302,304,-1,247,304,245,-1,245,304,306,-1,245,306,243,-1,243,306,308,-1,243,308,241,-1,241,308,359,-1,241,359,239,-1,239,359,361,-1,239,361,293,-1,293,361,363,-1,293,363,291,-1,268,325,327,-1,268,327,266,-1,266,327,329,-1,266,329,264,-1,264,329,331,-1,264,331,262,-1,262,331,333,-1,262,333,260,-1,260,333,335,-1,260,335,258,-1,258,335,337,-1,258,337,256,-1,256,337,296,-1,256,296,254,-1,254,296,298,-1,254,298,252,-1,370,371,372,-1,372,371,373,-1,374,375,370,-1,370,375,376,-1,370,376,371,-1,371,376,377,-1,374,378,375,-1,375,378,379,-1,375,379,380,-1,380,379,381,-1,380,381,382,-1,382,383,380,-1,380,383,372,-1,380,372,384,-1,384,372,373,-1,384,373,385,-1,386,387,388,-1,387,389,388,-1,388,389,390,-1,388,390,391,-1,391,390,392,-1,391,392,393,-1,393,394,391,-1,391,394,395,-1,391,395,396,-1,397,398,399,-1,400,396,401,-1,401,396,395,-1,401,395,399,-1,399,395,386,-1,399,386,397,-1,397,386,388,-1,380,384,388,-1,388,384,397,-1,375,380,391,-1,391,380,388,-1,376,375,396,-1,396,375,391,-1,377,376,400,-1,400,376,396,-1,371,377,401,-1,401,377,400,-1,373,371,399,-1,399,371,401,-1,385,373,398,-1,398,373,399,-1,384,385,397,-1,397,385,398,-1,370,372,395,-1,395,372,386,-1,372,383,386,-1,386,383,387,-1,381,390,389,-1,381,389,382,-1,382,389,387,-1,382,387,383,-1,381,379,390,-1,390,379,392,-1,374,394,393,-1,374,393,378,-1,378,393,392,-1,378,392,379,-1,374,370,394,-1,394,370,395,-1,402,403,404,-1,404,403,405,-1,406,402,407,-1,407,402,404,-1,408,406,409,-1,409,406,407,-1,410,408,411,-1,411,408,409,-1,412,410,413,-1,413,410,411,-1,414,412,415,-1,415,412,413,-1,416,414,417,-1,417,414,415,-1,418,416,419,-1,419,416,417,-1,420,418,421,-1,421,418,419,-1,422,420,423,-1,423,420,421,-1,424,422,425,-1,425,422,423,-1,403,424,405,-1,405,424,425,-1,424,403,402,-1,402,406,424,-1,424,406,408,-1,424,408,422,-1,418,420,416,-1,416,420,422,-1,416,422,414,-1,414,422,408,-1,414,408,412,-1,412,408,410,-1,423,421,419,-1,419,417,423,-1,423,417,415,-1,423,415,425,-1,404,405,407,-1,407,405,425,-1,407,425,409,-1,409,425,415,-1,409,415,411,-1,411,415,413,-1,426,427,428,-1,429,430,431,-1,431,430,432,-1,433,434,435,-1,428,427,436,-1,436,427,437,-1,436,437,438,-1,435,434,439,-1,439,434,440,-1,439,440,441,-1,441,440,442,-1,441,442,443,-1,443,442,444,-1,444,442,445,-1,444,445,446,-1,428,447,426,-1,426,447,448,-1,426,448,449,-1,449,448,450,-1,449,450,451,-1,438,437,452,-1,452,437,453,-1,452,453,454,-1,454,453,455,-1,454,455,456,-1,457,458,459,-1,460,461,462,-1,462,461,463,-1,462,463,458,-1,458,463,464,-1,458,464,459,-1,431,465,466,-1,466,465,467,-1,466,467,468,-1,469,470,471,-1,471,470,472,-1,471,472,473,-1,473,472,474,-1,473,474,475,-1,476,477,432,-1,432,477,478,-1,432,478,431,-1,431,478,479,-1,431,479,465,-1,446,445,480,-1,480,445,481,-1,480,481,482,-1,482,481,483,-1,482,483,484,-1,485,486,487,-1,487,486,456,-1,487,456,488,-1,488,456,455,-1,474,489,475,-1,475,489,490,-1,475,490,491,-1,491,490,492,-1,491,492,493,-1,493,492,468,-1,493,468,494,-1,494,468,467,-1,484,483,495,-1,495,483,496,-1,495,496,497,-1,497,496,498,-1,497,498,499,-1,500,501,502,-1,502,501,503,-1,502,503,504,-1,504,503,505,-1,504,505,506,-1,459,507,457,-1,457,507,508,-1,457,508,500,-1,500,508,509,-1,500,509,501,-1,450,510,451,-1,451,510,511,-1,451,511,512,-1,512,511,513,-1,512,513,514,-1,499,486,497,-1,497,486,485,-1,497,485,432,-1,432,485,515,-1,432,515,476,-1,435,516,433,-1,433,516,517,-1,433,517,518,-1,518,517,519,-1,518,519,520,-1,520,519,521,-1,520,521,522,-1,522,521,523,-1,522,523,524,-1,524,523,525,-1,524,525,526,-1,526,525,527,-1,526,527,528,-1,528,527,529,-1,528,529,530,-1,530,529,531,-1,530,531,532,-1,532,531,533,-1,532,533,534,-1,534,533,535,-1,534,535,536,-1,505,537,506,-1,506,537,538,-1,506,538,539,-1,539,538,540,-1,539,540,541,-1,541,540,542,-1,541,542,469,-1,469,542,543,-1,469,543,470,-1,513,544,514,-1,514,544,545,-1,514,545,460,-1,460,545,546,-1,460,546,461,-1,547,548,549,-1,550,551,552,-1,550,553,551,-1,551,553,554,-1,551,554,555,-1,555,554,556,-1,555,556,557,-1,558,559,560,-1,561,562,563,-1,563,562,564,-1,563,564,565,-1,565,564,566,-1,565,566,552,-1,552,566,567,-1,552,567,550,-1,568,558,569,-1,569,558,560,-1,569,560,570,-1,570,560,571,-1,572,573,574,-1,574,573,575,-1,574,575,576,-1,577,578,579,-1,579,578,580,-1,579,580,581,-1,581,580,582,-1,581,582,583,-1,583,582,584,-1,583,584,585,-1,585,584,586,-1,587,588,589,-1,589,588,590,-1,589,590,577,-1,577,590,591,-1,577,591,578,-1,592,593,594,-1,594,593,560,-1,594,560,595,-1,595,560,559,-1,575,596,576,-1,576,596,597,-1,576,597,598,-1,599,600,572,-1,572,600,601,-1,572,601,573,-1,602,603,599,-1,599,603,604,-1,599,604,600,-1,556,605,557,-1,557,605,606,-1,557,606,607,-1,607,606,608,-1,607,608,609,-1,609,608,610,-1,609,610,611,-1,611,610,593,-1,611,593,612,-1,612,593,613,-1,613,593,592,-1,613,592,586,-1,586,592,614,-1,586,614,585,-1,615,616,617,-1,617,616,618,-1,617,618,587,-1,587,618,619,-1,587,619,588,-1,597,620,598,-1,598,620,621,-1,598,621,622,-1,622,621,623,-1,622,623,615,-1,615,623,624,-1,615,624,616,-1,547,549,625,-1,625,549,626,-1,625,626,627,-1,627,626,628,-1,627,628,629,-1,629,628,630,-1,629,630,631,-1,631,630,632,-1,631,632,633,-1,633,632,634,-1,633,634,635,-1,635,634,636,-1,635,636,637,-1,637,636,638,-1,637,638,561,-1,561,638,639,-1,561,639,562,-1,640,641,642,-1,642,641,643,-1,642,643,644,-1,644,643,645,-1,644,645,646,-1,646,645,647,-1,646,647,648,-1,649,650,651,-1,651,650,652,-1,651,652,653,-1,653,652,654,-1,653,654,602,-1,602,654,655,-1,602,655,603,-1,647,656,648,-1,648,656,657,-1,648,657,658,-1,658,657,659,-1,658,659,660,-1,660,659,661,-1,660,661,649,-1,649,661,662,-1,649,662,650,-1,642,663,640,-1,640,663,664,-1,640,664,665,-1,665,664,666,-1,665,666,569,-1,569,666,667,-1,569,667,568,-1,521,638,636,-1,521,636,523,-1,523,636,634,-1,523,634,525,-1,525,634,632,-1,525,632,527,-1,527,632,630,-1,527,630,529,-1,529,630,628,-1,529,628,531,-1,531,628,626,-1,531,626,533,-1,533,626,549,-1,533,549,535,-1,536,535,548,-1,548,535,549,-1,536,548,547,-1,536,547,534,-1,534,547,625,-1,534,625,532,-1,532,625,627,-1,532,627,530,-1,530,627,629,-1,530,629,528,-1,528,629,631,-1,528,631,526,-1,526,631,633,-1,526,633,524,-1,524,633,635,-1,524,635,522,-1,522,635,637,-1,522,637,520,-1,520,637,561,-1,520,561,518,-1,518,561,563,-1,518,563,433,-1,433,563,565,-1,433,565,434,-1,434,565,552,-1,434,552,440,-1,440,552,551,-1,440,551,442,-1,442,551,555,-1,442,555,445,-1,445,555,557,-1,445,557,481,-1,481,557,607,-1,481,607,483,-1,483,607,609,-1,483,609,496,-1,496,609,611,-1,496,611,498,-1,498,611,612,-1,498,612,499,-1,499,612,613,-1,499,613,486,-1,456,486,586,-1,586,486,613,-1,456,586,584,-1,456,584,454,-1,454,584,582,-1,454,582,452,-1,452,582,580,-1,452,580,438,-1,438,580,578,-1,438,578,436,-1,436,578,591,-1,436,591,428,-1,428,591,590,-1,428,590,447,-1,447,590,588,-1,447,588,448,-1,448,588,619,-1,448,619,450,-1,450,619,618,-1,450,618,510,-1,510,618,616,-1,510,616,511,-1,511,616,624,-1,511,624,513,-1,513,624,623,-1,513,623,544,-1,544,623,621,-1,544,621,545,-1,545,621,620,-1,545,620,546,-1,546,620,597,-1,546,597,461,-1,461,597,596,-1,461,596,463,-1,463,596,575,-1,463,575,464,-1,464,575,573,-1,464,573,459,-1,459,573,601,-1,459,601,507,-1,507,601,600,-1,507,600,508,-1,508,600,604,-1,508,604,509,-1,509,604,603,-1,509,603,501,-1,501,603,655,-1,501,655,503,-1,503,655,654,-1,503,654,505,-1,505,654,652,-1,505,652,537,-1,537,652,650,-1,537,650,538,-1,538,650,662,-1,538,662,540,-1,540,662,661,-1,540,661,542,-1,542,661,659,-1,542,659,543,-1,543,659,657,-1,543,657,470,-1,470,657,656,-1,470,656,472,-1,472,656,647,-1,472,647,474,-1,474,647,645,-1,474,645,489,-1,489,645,643,-1,489,643,490,-1,490,643,641,-1,490,641,492,-1,492,641,640,-1,492,640,468,-1,468,640,665,-1,468,665,466,-1,431,466,569,-1,569,466,665,-1,429,431,570,-1,570,431,569,-1,430,429,571,-1,571,429,570,-1,432,430,560,-1,560,430,571,-1,432,560,593,-1,432,593,497,-1,497,593,610,-1,497,610,495,-1,495,610,608,-1,495,608,484,-1,484,608,606,-1,484,606,482,-1,482,606,605,-1,482,605,480,-1,480,605,556,-1,480,556,446,-1,446,556,554,-1,446,554,444,-1,444,554,553,-1,444,553,443,-1,443,553,550,-1,443,550,441,-1,441,550,567,-1,441,567,439,-1,439,567,566,-1,439,566,435,-1,435,566,564,-1,435,564,516,-1,516,564,562,-1,516,562,517,-1,517,562,639,-1,517,639,519,-1,519,639,638,-1,519,638,521,-1,427,577,579,-1,427,579,437,-1,437,579,581,-1,437,581,453,-1,453,581,583,-1,453,583,455,-1,455,583,585,-1,455,585,488,-1,488,585,614,-1,488,614,487,-1,514,622,615,-1,514,615,512,-1,512,615,617,-1,512,617,451,-1,451,617,587,-1,451,587,449,-1,449,587,589,-1,449,589,426,-1,426,589,577,-1,426,577,427,-1,500,599,572,-1,500,572,457,-1,457,572,574,-1,457,574,458,-1,458,574,576,-1,458,576,462,-1,462,576,598,-1,462,598,460,-1,460,598,622,-1,460,622,514,-1,541,660,649,-1,541,649,539,-1,539,649,651,-1,539,651,506,-1,506,651,653,-1,506,653,504,-1,504,653,602,-1,504,602,502,-1,502,602,599,-1,502,599,500,-1,494,664,663,-1,494,663,493,-1,493,663,642,-1,493,642,491,-1,491,642,644,-1,491,644,475,-1,475,644,646,-1,475,646,473,-1,473,646,648,-1,473,648,471,-1,471,648,658,-1,471,658,469,-1,469,658,660,-1,469,660,541,-1,515,594,595,-1,515,595,476,-1,476,595,559,-1,476,559,477,-1,477,559,558,-1,477,558,478,-1,478,558,568,-1,478,568,479,-1,479,568,667,-1,479,667,465,-1,465,667,666,-1,465,666,467,-1,467,666,664,-1,467,664,494,-1,515,485,594,-1,594,485,592,-1,485,487,592,-1,592,487,614,-1,668,669,670,-1,668,670,671,-1,671,670,672,-1,671,672,673,-1,673,672,674,-1,673,674,675,-1,675,674,676,-1,675,676,677,-1,677,676,678,-1,677,678,679,-1,679,678,680,-1,679,680,681,-1,681,680,682,-1,681,682,683,-1,684,683,685,-1,685,683,682,-1,684,685,686,-1,684,686,687,-1,687,686,688,-1,687,688,689,-1,689,688,690,-1,689,690,691,-1,691,690,692,-1,691,692,693,-1,693,692,694,-1,693,694,695,-1,695,694,696,-1,695,696,697,-1,697,696,698,-1,697,698,699,-1,699,698,700,-1,699,700,701,-1,701,700,702,-1,701,702,703,-1,703,702,704,-1,703,704,705,-1,705,704,706,-1,705,706,707,-1,707,706,708,-1,707,708,709,-1,709,708,710,-1,709,710,711,-1,711,710,712,-1,711,712,713,-1,713,712,714,-1,713,714,715,-1,715,714,716,-1,715,716,717,-1,717,716,718,-1,717,718,719,-1,719,718,720,-1,719,720,721,-1,721,720,722,-1,721,722,723,-1,723,722,724,-1,723,724,725,-1,725,724,726,-1,725,726,727,-1,727,726,728,-1,727,728,729,-1,729,728,730,-1,729,730,731,-1,731,730,732,-1,731,732,733,-1,733,732,734,-1,733,734,735,-1,735,734,736,-1,735,736,737,-1,737,736,738,-1,737,738,739,-1,739,738,740,-1,739,740,741,-1,741,740,742,-1,741,742,743,-1,743,742,744,-1,743,744,745,-1,745,744,746,-1,745,746,747,-1,747,746,748,-1,747,748,749,-1,749,748,750,-1,749,750,751,-1,751,750,752,-1,751,752,753,-1,753,752,754,-1,753,754,755,-1,755,754,756,-1,755,756,757,-1,757,756,758,-1,757,758,759,-1,759,758,760,-1,759,760,761,-1,761,760,762,-1,761,762,763,-1,763,762,764,-1,763,764,765,-1,765,764,766,-1,765,766,767,-1,767,766,768,-1,767,768,769,-1,769,768,770,-1,769,770,771,-1,771,770,772,-1,771,772,773,-1,773,772,774,-1,773,774,775,-1,775,774,776,-1,775,776,777,-1,777,776,778,-1,777,778,779,-1,779,778,780,-1,779,780,781,-1,781,780,782,-1,781,782,783,-1,783,782,784,-1,783,784,785,-1,785,784,786,-1,785,786,787,-1,787,786,788,-1,787,788,789,-1,789,788,790,-1,789,790,791,-1,791,790,792,-1,791,792,793,-1,793,792,794,-1,793,794,795,-1,795,794,796,-1,795,796,797,-1,797,796,798,-1,797,798,799,-1,799,798,800,-1,799,800,801,-1,801,800,802,-1,801,802,803,-1,804,803,805,-1,805,803,802,-1,804,805,806,-1,804,806,807,-1,807,806,808,-1,807,808,809,-1,809,808,810,-1,809,810,811,-1,811,810,812,-1,811,812,813,-1,813,812,814,-1,813,814,815,-1,815,814,816,-1,815,816,817,-1,817,816,818,-1,817,818,819,-1,819,818,820,-1,819,820,821,-1,821,820,822,-1,821,822,823,-1,823,822,824,-1,823,824,825,-1,825,824,826,-1,825,826,827,-1,827,826,828,-1,827,828,829,-1,829,828,830,-1,829,830,831,-1,831,830,832,-1,831,832,833,-1,833,832,834,-1,833,834,835,-1,835,834,836,-1,835,836,837,-1,837,836,838,-1,837,838,839,-1,839,838,840,-1,839,840,841,-1,841,840,842,-1,841,842,843,-1,843,842,844,-1,843,844,845,-1,845,844,846,-1,845,846,847,-1,847,846,848,-1,847,848,849,-1,849,848,850,-1,849,850,851,-1,851,850,852,-1,851,852,853,-1,853,852,854,-1,853,854,855,-1,855,854,856,-1,855,856,857,-1,857,856,858,-1,857,858,859,-1,859,858,860,-1,859,860,861,-1,861,860,862,-1,861,862,863,-1,863,862,864,-1,863,864,865,-1,865,864,866,-1,865,866,867,-1,867,866,868,-1,867,868,869,-1,869,868,870,-1,869,870,871,-1,871,870,872,-1,871,872,873,-1,873,872,874,-1,873,874,875,-1,875,874,876,-1,875,876,877,-1,877,876,878,-1,877,878,879,-1,879,878,880,-1,879,880,881,-1,881,880,882,-1,881,882,883,-1,883,882,884,-1,883,884,885,-1,885,884,886,-1,885,886,887,-1,887,886,888,-1,887,888,889,-1,889,888,890,-1,889,890,891,-1,891,890,892,-1,891,892,893,-1,893,892,894,-1,893,894,895,-1,895,894,896,-1,895,896,897,-1,897,896,898,-1,897,898,899,-1,899,898,900,-1,899,900,901,-1,901,900,902,-1,901,902,903,-1,903,902,904,-1,903,904,905,-1,905,904,669,-1,905,669,668,-1,801,803,804,-1,713,891,893,-1,713,715,891,-1,891,715,717,-1,891,717,889,-1,889,717,719,-1,889,719,887,-1,837,771,773,-1,777,831,775,-1,775,831,833,-1,775,833,773,-1,773,833,835,-1,773,835,837,-1,877,879,737,-1,881,733,879,-1,879,733,735,-1,879,735,737,-1,851,763,765,-1,837,839,771,-1,771,839,841,-1,771,841,769,-1,851,853,763,-1,763,853,855,-1,763,855,761,-1,761,855,857,-1,761,857,759,-1,759,857,859,-1,759,859,757,-1,757,859,861,-1,757,861,755,-1,885,727,883,-1,883,727,729,-1,883,729,881,-1,881,729,731,-1,881,731,733,-1,719,721,887,-1,887,721,723,-1,887,723,885,-1,885,723,725,-1,885,725,727,-1,841,843,769,-1,769,843,845,-1,769,845,767,-1,767,845,847,-1,767,847,765,-1,765,847,849,-1,765,849,851,-1,677,679,684,-1,684,679,681,-1,684,681,683,-1,737,739,877,-1,877,739,741,-1,877,741,875,-1,875,741,743,-1,875,743,873,-1,873,743,745,-1,873,745,871,-1,871,745,747,-1,871,747,869,-1,684,687,677,-1,677,687,689,-1,677,689,675,-1,675,689,691,-1,675,691,673,-1,673,691,693,-1,673,693,671,-1,671,693,695,-1,671,695,668,-1,668,695,697,-1,668,697,905,-1,905,697,699,-1,905,699,903,-1,903,699,701,-1,903,701,901,-1,901,701,703,-1,901,703,899,-1,899,703,705,-1,899,705,897,-1,897,705,707,-1,897,707,895,-1,895,707,709,-1,895,709,893,-1,893,709,711,-1,893,711,713,-1,861,863,755,-1,755,863,865,-1,755,865,753,-1,753,865,867,-1,753,867,751,-1,751,867,869,-1,751,869,749,-1,749,869,747,-1,801,804,799,-1,799,804,807,-1,799,807,797,-1,797,807,809,-1,797,809,795,-1,795,809,811,-1,795,811,793,-1,793,811,813,-1,793,813,791,-1,791,813,815,-1,791,815,789,-1,789,815,817,-1,789,817,787,-1,787,817,819,-1,787,819,785,-1,785,819,821,-1,785,821,783,-1,783,821,823,-1,783,823,781,-1,781,823,825,-1,781,825,779,-1,779,825,827,-1,779,827,777,-1,777,827,829,-1,777,829,831,-1,854,762,760,-1,890,888,716,-1,878,732,880,-1,880,732,730,-1,880,730,882,-1,876,736,878,-1,878,736,734,-1,878,734,732,-1,770,836,772,-1,772,836,834,-1,772,834,774,-1,854,852,762,-1,762,852,850,-1,762,850,764,-1,764,850,848,-1,764,848,766,-1,874,740,876,-1,876,740,738,-1,876,738,736,-1,768,840,770,-1,770,840,838,-1,770,838,836,-1,848,846,766,-1,766,846,844,-1,766,844,768,-1,768,844,842,-1,768,842,840,-1,884,722,886,-1,886,722,720,-1,886,720,888,-1,888,720,718,-1,888,718,716,-1,730,728,882,-1,882,728,726,-1,882,726,884,-1,884,726,724,-1,884,724,722,-1,674,688,676,-1,676,688,686,-1,676,686,678,-1,678,686,685,-1,678,685,680,-1,680,685,682,-1,802,800,805,-1,805,800,798,-1,805,798,806,-1,806,798,796,-1,716,714,890,-1,890,714,712,-1,890,712,892,-1,892,712,710,-1,892,710,894,-1,894,710,708,-1,894,708,896,-1,896,708,706,-1,896,706,898,-1,898,706,704,-1,898,704,900,-1,900,704,702,-1,900,702,902,-1,902,702,700,-1,902,700,904,-1,904,700,698,-1,904,698,669,-1,669,698,696,-1,669,696,670,-1,670,696,694,-1,670,694,672,-1,672,694,692,-1,672,692,674,-1,674,692,690,-1,674,690,688,-1,868,866,752,-1,752,866,864,-1,752,864,754,-1,754,864,862,-1,754,862,756,-1,756,862,860,-1,756,860,758,-1,758,860,858,-1,758,858,760,-1,760,858,856,-1,760,856,854,-1,834,832,774,-1,774,832,830,-1,774,830,776,-1,776,830,828,-1,776,828,778,-1,778,828,826,-1,778,826,780,-1,780,826,824,-1,780,824,782,-1,782,824,822,-1,782,822,784,-1,784,822,820,-1,784,820,786,-1,786,820,818,-1,786,818,788,-1,788,818,816,-1,788,816,790,-1,790,816,814,-1,790,814,792,-1,792,814,812,-1,792,812,794,-1,794,812,810,-1,794,810,796,-1,796,810,808,-1,796,808,806,-1,752,750,868,-1,868,750,748,-1,868,748,870,-1,870,748,746,-1,870,746,872,-1,872,746,744,-1,872,744,874,-1,874,744,742,-1,874,742,740,-1,906,907,908,-1,908,907,909,-1,910,906,911,-1,911,906,908,-1,910,911,912,-1,910,912,913,-1,913,912,914,-1,913,914,915,-1,916,915,917,-1,917,915,914,-1,918,916,919,-1,919,916,917,-1,920,918,921,-1,921,918,919,-1,922,920,923,-1,923,920,921,-1,924,922,925,-1,925,922,923,-1,926,924,927,-1,927,924,925,-1,926,927,928,-1,926,928,929,-1,929,928,930,-1,929,930,931,-1,931,930,932,-1,931,932,933,-1,933,932,934,-1,933,934,935,-1,935,934,936,-1,935,936,937,-1,937,936,938,-1,937,938,939,-1,939,938,940,-1,939,940,941,-1,941,940,942,-1,941,942,943,-1,943,942,944,-1,943,944,945,-1,945,944,946,-1,945,946,947,-1,948,947,949,-1,949,947,946,-1,948,949,950,-1,948,950,951,-1,951,950,952,-1,951,952,953,-1,953,952,954,-1,953,954,955,-1,955,954,956,-1,955,956,957,-1,957,956,958,-1,957,958,959,-1,959,958,960,-1,959,960,961,-1,961,960,962,-1,961,962,963,-1,963,962,964,-1,963,964,965,-1,965,964,966,-1,965,966,967,-1,967,966,968,-1,967,968,969,-1,969,968,970,-1,969,970,971,-1,971,970,972,-1,971,972,973,-1,973,972,974,-1,973,974,975,-1,907,975,909,-1,909,975,974,-1,913,915,975,-1,907,906,975,-1,975,906,910,-1,975,910,913,-1,920,922,918,-1,918,922,924,-1,918,924,916,-1,941,943,951,-1,937,961,935,-1,935,961,963,-1,935,963,933,-1,933,963,965,-1,933,965,931,-1,951,943,948,-1,948,943,945,-1,948,945,947,-1,951,953,941,-1,941,953,955,-1,941,955,939,-1,939,955,957,-1,939,957,937,-1,937,957,959,-1,937,959,961,-1,965,967,931,-1,931,967,969,-1,931,969,929,-1,929,969,971,-1,929,971,926,-1,926,971,973,-1,926,973,924,-1,924,973,975,-1,924,975,916,-1,916,975,915,-1,917,927,925,-1,938,936,958,-1,908,909,911,-1,911,909,974,-1,911,974,912,-1,912,974,914,-1,923,921,925,-1,925,921,919,-1,925,919,917,-1,958,936,960,-1,960,936,934,-1,960,934,962,-1,958,956,938,-1,938,956,954,-1,938,954,940,-1,940,954,952,-1,940,952,942,-1,942,952,950,-1,942,950,944,-1,944,950,949,-1,944,949,946,-1,962,934,964,-1,964,934,932,-1,964,932,966,-1,966,932,930,-1,966,930,968,-1,968,930,928,-1,968,928,970,-1,970,928,972,-1,972,928,927,-1,972,927,974,-1,974,927,917,-1,974,917,914,-1,976,977,978,-1,978,977,979,-1,980,976,981,-1,981,976,978,-1,982,980,983,-1,983,980,981,-1,984,982,985,-1,985,982,983,-1,986,984,987,-1,987,984,985,-1,988,986,989,-1,989,986,987,-1,990,988,991,-1,991,988,989,-1,992,990,993,-1,993,990,991,-1,994,992,995,-1,995,992,993,-1,996,994,997,-1,997,994,995,-1,998,996,999,-1,999,996,997,-1,977,998,979,-1,979,998,999,-1,998,977,976,-1,976,980,998,-1,998,980,982,-1,998,982,996,-1,992,994,990,-1,990,994,996,-1,990,996,988,-1,988,996,982,-1,988,982,986,-1,986,982,984,-1,997,995,993,-1,993,991,997,-1,997,991,989,-1,997,989,999,-1,978,979,981,-1,981,979,999,-1,981,999,983,-1,983,999,989,-1,983,989,985,-1,985,989,987,-1,1000,1001,1002,-1,1002,1001,1003,-1,1002,1003,1004,-1,1004,1003,1005,-1,1004,1005,1006,-1,1006,1005,1007,-1,1006,1007,1008,-1,1008,1007,1009,-1,1008,1009,1010,-1,1010,1009,1011,-1,1010,1011,1012,-1,1012,1011,1013,-1,1012,1013,1014,-1,1014,1013,1015,-1,1014,1015,1016,-1,1017,1018,1019,-1,1019,1018,1020,-1,1019,1020,1021,-1,1021,1020,1022,-1,1021,1022,1023,-1,1023,1022,1024,-1,1023,1024,1025,-1,1024,1026,1025,-1,1025,1026,1027,-1,1025,1027,1028,-1,1028,1027,1029,-1,1028,1029,1030,-1,1030,1029,1031,-1,1030,1031,1032,-1,1032,1031,1033,-1,1032,1033,1034,-1,1034,1033,1035,-1,1034,1035,1036,-1,1036,1035,1037,-1,1036,1037,1038,-1,1038,1037,1039,-1,1038,1039,1040,-1,1040,1039,1041,-1,1040,1041,1042,-1,1042,1041,1043,-1,1042,1043,1044,-1,1044,1043,1045,-1,1044,1045,1046,-1,1046,1045,1047,-1,1046,1047,1048,-1,1048,1047,1049,-1,1048,1049,1050,-1,1050,1049,1051,-1,1050,1051,1052,-1,1052,1051,1053,-1,1052,1053,1054,-1,1054,1053,1055,-1,1054,1055,1056,-1,1056,1055,1057,-1,1056,1057,1058,-1,1058,1057,1059,-1,1058,1059,1000,-1,1000,1059,1060,-1,1000,1060,1001,-1,1015,1061,1016,-1,1016,1061,1062,-1,1016,1062,1063,-1,1063,1062,1064,-1,1063,1064,1065,-1,1065,1064,1066,-1,1065,1066,1067,-1,1067,1066,1068,-1,1067,1068,1069,-1,1069,1068,1070,-1,1069,1070,1071,-1,1071,1070,1072,-1,1071,1072,1017,-1,1017,1072,1073,-1,1017,1073,1018,-1,1074,1075,1076,-1,1076,1075,1077,-1,1076,1077,1078,-1,1078,1077,1079,-1,1078,1079,1080,-1,1080,1079,1081,-1,1080,1081,1082,-1,1082,1081,1083,-1,1082,1083,1084,-1,1084,1083,1085,-1,1084,1085,1086,-1,1087,1088,1089,-1,1089,1088,1090,-1,1089,1090,1091,-1,1091,1090,1092,-1,1091,1092,1093,-1,1093,1092,1094,-1,1093,1094,1095,-1,1095,1094,1096,-1,1095,1096,1097,-1,1097,1096,1098,-1,1097,1098,1099,-1,1099,1098,1100,-1,1099,1100,1101,-1,1101,1100,1102,-1,1101,1102,1103,-1,1103,1102,1104,-1,1103,1104,1105,-1,1105,1104,1106,-1,1105,1106,1107,-1,1107,1106,1108,-1,1107,1108,1109,-1,1109,1108,1110,-1,1109,1110,1111,-1,1111,1110,1112,-1,1111,1112,1113,-1,1113,1112,1114,-1,1113,1114,1115,-1,1115,1114,1116,-1,1115,1116,1074,-1,1074,1116,1117,-1,1074,1117,1075,-1,1118,1119,1120,-1,1120,1119,1121,-1,1120,1121,1122,-1,1122,1121,1123,-1,1122,1123,1124,-1,1124,1123,1125,-1,1124,1125,1126,-1,1126,1125,1127,-1,1126,1127,1128,-1,1128,1127,1129,-1,1128,1129,1130,-1,1130,1129,1131,-1,1130,1131,1132,-1,1132,1131,1133,-1,1132,1133,1087,-1,1087,1133,1134,-1,1087,1134,1088,-1,1085,1135,1086,-1,1086,1135,1136,-1,1086,1136,1137,-1,1137,1136,1138,-1,1137,1138,1139,-1,1139,1138,1140,-1,1139,1140,1141,-1,1141,1140,1142,-1,1141,1142,1143,-1,1143,1142,1144,-1,1143,1144,1145,-1,1145,1144,1146,-1,1145,1146,1118,-1,1118,1146,1147,-1,1118,1147,1119,-1,1053,1051,1098,-1,1098,1051,1100,-1,1053,1098,1096,-1,1053,1096,1055,-1,1055,1096,1094,-1,1055,1094,1057,-1,1057,1094,1092,-1,1057,1092,1059,-1,1059,1092,1090,-1,1059,1090,1060,-1,1060,1090,1088,-1,1060,1088,1001,-1,1001,1088,1134,-1,1001,1134,1003,-1,1003,1134,1133,-1,1003,1133,1005,-1,1005,1133,1131,-1,1005,1131,1007,-1,1007,1131,1129,-1,1007,1129,1009,-1,1009,1129,1127,-1,1009,1127,1011,-1,1011,1127,1125,-1,1011,1125,1013,-1,1013,1125,1123,-1,1013,1123,1015,-1,1015,1123,1121,-1,1015,1121,1061,-1,1061,1121,1119,-1,1061,1119,1062,-1,1062,1119,1147,-1,1062,1147,1064,-1,1064,1147,1146,-1,1064,1146,1066,-1,1066,1146,1144,-1,1066,1144,1068,-1,1068,1144,1142,-1,1068,1142,1070,-1,1070,1142,1140,-1,1070,1140,1072,-1,1072,1140,1138,-1,1072,1138,1073,-1,1073,1138,1136,-1,1073,1136,1018,-1,1018,1136,1135,-1,1018,1135,1020,-1,1020,1135,1085,-1,1020,1085,1022,-1,1022,1085,1083,-1,1022,1083,1024,-1,1024,1083,1081,-1,1024,1081,1026,-1,1026,1081,1079,-1,1026,1079,1027,-1,1027,1079,1077,-1,1027,1077,1029,-1,1029,1077,1075,-1,1029,1075,1031,-1,1031,1075,1117,-1,1031,1117,1033,-1,1033,1117,1116,-1,1033,1116,1035,-1,1035,1116,1114,-1,1035,1114,1037,-1,1037,1114,1112,-1,1037,1112,1039,-1,1039,1112,1110,-1,1039,1110,1041,-1,1041,1110,1108,-1,1041,1108,1043,-1,1043,1108,1106,-1,1043,1106,1045,-1,1045,1106,1104,-1,1045,1104,1047,-1,1049,1047,1102,-1,1102,1047,1104,-1,1051,1049,1100,-1,1100,1049,1102,-1,1046,1048,1103,-1,1103,1048,1101,-1,1048,1050,1101,-1,1101,1050,1099,-1,1050,1052,1099,-1,1099,1052,1097,-1,1008,1128,1130,-1,1008,1130,1006,-1,1006,1130,1132,-1,1006,1132,1004,-1,1004,1132,1087,-1,1004,1087,1002,-1,1002,1087,1089,-1,1002,1089,1000,-1,1000,1089,1091,-1,1000,1091,1058,-1,1058,1091,1093,-1,1058,1093,1056,-1,1056,1093,1095,-1,1056,1095,1054,-1,1054,1095,1097,-1,1054,1097,1052,-1,1069,1141,1143,-1,1069,1143,1067,-1,1067,1143,1145,-1,1067,1145,1065,-1,1065,1145,1118,-1,1065,1118,1063,-1,1063,1118,1120,-1,1063,1120,1016,-1,1016,1120,1122,-1,1016,1122,1014,-1,1014,1122,1124,-1,1014,1124,1012,-1,1012,1124,1126,-1,1012,1126,1010,-1,1010,1126,1128,-1,1010,1128,1008,-1,1030,1076,1078,-1,1030,1078,1028,-1,1028,1078,1080,-1,1028,1080,1025,-1,1025,1080,1082,-1,1025,1082,1023,-1,1023,1082,1084,-1,1023,1084,1021,-1,1021,1084,1086,-1,1021,1086,1019,-1,1019,1086,1137,-1,1019,1137,1017,-1,1017,1137,1139,-1,1017,1139,1071,-1,1071,1139,1141,-1,1071,1141,1069,-1,1046,1103,1105,-1,1046,1105,1044,-1,1044,1105,1107,-1,1044,1107,1042,-1,1042,1107,1109,-1,1042,1109,1040,-1,1040,1109,1111,-1,1040,1111,1038,-1,1038,1111,1113,-1,1038,1113,1036,-1,1036,1113,1115,-1,1036,1115,1034,-1,1034,1115,1074,-1,1034,1074,1032,-1,1032,1074,1076,-1,1032,1076,1030,-1,1148,1149,1150,-1,1150,1149,1151,-1,1152,1153,1148,-1,1148,1153,1154,-1,1148,1154,1149,-1,1149,1154,1155,-1,1152,1156,1153,-1,1153,1156,1157,-1,1153,1157,1158,-1,1158,1157,1159,-1,1158,1159,1160,-1,1160,1161,1158,-1,1158,1161,1150,-1,1158,1150,1162,-1,1162,1150,1151,-1,1162,1151,1163,-1,1164,1165,1166,-1,1165,1167,1166,-1,1166,1167,1168,-1,1166,1168,1169,-1,1169,1168,1170,-1,1169,1170,1171,-1,1171,1172,1169,-1,1169,1172,1173,-1,1169,1173,1174,-1,1175,1176,1177,-1,1178,1174,1179,-1,1179,1174,1173,-1,1179,1173,1177,-1,1177,1173,1164,-1,1177,1164,1175,-1,1175,1164,1166,-1,1158,1162,1166,-1,1166,1162,1175,-1,1153,1158,1169,-1,1169,1158,1166,-1,1154,1153,1174,-1,1174,1153,1169,-1,1155,1154,1178,-1,1178,1154,1174,-1,1149,1155,1179,-1,1179,1155,1178,-1,1151,1149,1177,-1,1177,1149,1179,-1,1163,1151,1176,-1,1176,1151,1177,-1,1162,1163,1175,-1,1175,1163,1176,-1,1148,1150,1173,-1,1173,1150,1164,-1,1150,1161,1164,-1,1164,1161,1165,-1,1159,1168,1167,-1,1159,1167,1160,-1,1160,1167,1165,-1,1160,1165,1161,-1,1159,1157,1168,-1,1168,1157,1170,-1,1152,1172,1171,-1,1152,1171,1156,-1,1156,1171,1170,-1,1156,1170,1157,-1,1152,1148,1172,-1,1172,1148,1173,-1,1180,1181,1182,-1,1183,1184,1185,-1,1186,1187,1188,-1,1189,1190,1191,-1,1191,1190,1192,-1,1193,1194,1195,-1,1196,1197,1198,-1,1198,1197,1199,-1,1200,1201,1202,-1,1202,1201,1182,-1,1202,1182,1203,-1,1204,1205,1206,-1,1207,1208,1182,-1,1182,1208,1209,-1,1182,1209,1180,-1,1210,1211,1189,-1,1189,1211,1212,-1,1189,1212,1190,-1,1213,1214,1215,-1,1215,1214,1186,-1,1216,1217,1218,-1,1219,1220,1221,-1,1186,1188,1215,-1,1215,1188,1222,-1,1215,1222,1189,-1,1189,1222,1223,-1,1189,1223,1210,-1,1224,1225,1192,-1,1192,1225,1226,-1,1192,1226,1191,-1,1227,1181,1228,-1,1228,1181,1229,-1,1228,1229,1230,-1,1231,1232,1233,-1,1233,1232,1234,-1,1233,1234,1200,-1,1200,1234,1235,-1,1200,1235,1201,-1,1218,1236,1216,-1,1216,1236,1237,-1,1216,1237,1231,-1,1231,1237,1238,-1,1231,1238,1232,-1,1206,1205,1239,-1,1239,1205,1240,-1,1239,1240,1241,-1,1241,1240,1242,-1,1241,1242,1243,-1,1195,1194,1244,-1,1244,1194,1245,-1,1244,1245,1246,-1,1199,1197,1247,-1,1247,1197,1248,-1,1247,1248,1249,-1,1250,1251,1182,-1,1182,1251,1252,-1,1182,1252,1207,-1,1187,1186,1216,-1,1216,1186,1253,-1,1216,1253,1254,-1,1254,1255,1216,-1,1216,1255,1256,-1,1216,1256,1217,-1,1257,1258,1259,-1,1259,1258,1260,-1,1259,1260,1261,-1,1261,1260,1262,-1,1261,1262,1263,-1,1184,1264,1185,-1,1185,1264,1265,-1,1185,1265,1266,-1,1266,1265,1267,-1,1266,1267,1268,-1,1268,1267,1269,-1,1268,1269,1270,-1,1270,1269,1193,-1,1270,1193,1271,-1,1271,1193,1195,-1,1272,1273,1274,-1,1274,1273,1275,-1,1274,1275,1250,-1,1250,1275,1276,-1,1250,1276,1251,-1,1221,1220,1277,-1,1277,1220,1278,-1,1277,1278,1279,-1,1279,1278,1280,-1,1280,1278,1281,-1,1280,1281,1282,-1,1282,1281,1283,-1,1282,1283,1284,-1,1284,1283,1285,-1,1284,1285,1286,-1,1286,1285,1287,-1,1286,1287,1185,-1,1185,1287,1288,-1,1185,1288,1183,-1,1227,1289,1181,-1,1181,1289,1290,-1,1181,1290,1182,-1,1182,1290,1291,-1,1182,1291,1203,-1,1206,1292,1204,-1,1204,1292,1293,-1,1204,1293,1294,-1,1294,1293,1295,-1,1294,1295,1296,-1,1296,1295,1297,-1,1296,1297,1298,-1,1298,1297,1299,-1,1298,1299,1300,-1,1248,1301,1249,-1,1249,1301,1302,-1,1249,1302,1303,-1,1303,1302,1304,-1,1303,1304,1305,-1,1306,1307,1308,-1,1308,1307,1309,-1,1308,1309,1310,-1,1310,1309,1311,-1,1310,1311,1272,-1,1272,1311,1312,-1,1272,1312,1273,-1,1313,1314,1315,-1,1315,1314,1316,-1,1315,1316,1224,-1,1224,1316,1317,-1,1224,1317,1225,-1,1229,1318,1230,-1,1230,1318,1319,-1,1230,1319,1320,-1,1320,1319,1321,-1,1320,1321,1322,-1,1323,1324,1325,-1,1325,1324,1326,-1,1325,1326,1327,-1,1327,1326,1328,-1,1327,1328,1329,-1,1329,1328,1330,-1,1329,1330,1257,-1,1257,1330,1331,-1,1257,1331,1258,-1,1299,1332,1300,-1,1300,1332,1333,-1,1300,1333,1334,-1,1334,1333,1335,-1,1334,1335,1323,-1,1323,1335,1336,-1,1323,1336,1324,-1,1321,1337,1322,-1,1322,1337,1338,-1,1322,1338,1313,-1,1313,1338,1339,-1,1313,1339,1314,-1,1196,1340,1197,-1,1197,1340,1341,-1,1197,1341,1342,-1,1342,1341,1343,-1,1342,1343,1344,-1,1344,1343,1263,-1,1344,1263,1345,-1,1345,1263,1262,-1,1346,1347,1348,-1,1349,1350,1351,-1,1351,1350,1352,-1,1351,1352,1353,-1,1353,1352,1354,-1,1353,1354,1355,-1,1355,1354,1356,-1,1355,1356,1357,-1,1357,1356,1358,-1,1357,1358,1306,-1,1306,1358,1359,-1,1306,1359,1307,-1,1360,1361,1346,-1,1346,1361,1362,-1,1346,1362,1347,-1,1242,1363,1243,-1,1243,1363,1346,-1,1243,1346,1364,-1,1364,1346,1348,-1,1365,1366,1367,-1,1367,1366,1368,-1,1369,1370,1371,-1,1370,1372,1371,-1,1371,1372,1373,-1,1371,1373,1374,-1,1246,1245,1375,-1,1375,1245,1376,-1,1375,1376,1365,-1,1365,1376,1377,-1,1365,1377,1366,-1,1221,1378,1219,-1,1219,1378,1379,-1,1219,1379,1380,-1,1380,1379,1381,-1,1380,1381,1349,-1,1349,1381,1382,-1,1349,1382,1350,-1,1360,1346,1371,-1,1371,1346,1383,-1,1371,1383,1369,-1,1304,1384,1305,-1,1305,1384,1385,-1,1305,1385,1386,-1,1386,1385,1387,-1,1386,1387,1388,-1,1388,1387,1389,-1,1388,1389,1390,-1,1390,1389,1391,-1,1390,1391,1368,-1,1368,1391,1392,-1,1368,1392,1367,-1,1393,1394,1395,-1,1395,1394,1396,-1,1395,1396,1397,-1,1398,1399,1400,-1,1401,1402,1403,-1,1403,1402,1404,-1,1403,1404,1405,-1,1406,1407,1408,-1,1396,1409,1397,-1,1397,1409,1410,-1,1397,1410,1411,-1,1411,1410,1412,-1,1413,1414,1403,-1,1403,1414,1398,-1,1403,1398,1401,-1,1415,1416,1417,-1,1417,1416,1418,-1,1417,1418,1419,-1,1420,1421,1422,-1,1423,1424,1397,-1,1397,1424,1425,-1,1397,1425,1395,-1,1395,1425,1426,-1,1427,1428,1429,-1,1429,1428,1430,-1,1431,1432,1433,-1,1433,1432,1434,-1,1433,1434,1435,-1,1435,1434,1436,-1,1435,1436,1437,-1,1437,1436,1438,-1,1437,1438,1439,-1,1403,1440,1413,-1,1413,1440,1441,-1,1413,1441,1442,-1,1442,1441,1443,-1,1442,1443,1444,-1,1444,1443,1445,-1,1444,1445,1446,-1,1400,1447,1398,-1,1398,1447,1448,-1,1398,1448,1401,-1,1408,1407,1429,-1,1429,1407,1449,-1,1429,1449,1427,-1,1450,1451,1410,-1,1410,1451,1452,-1,1410,1452,1412,-1,1430,1453,1429,-1,1429,1453,1454,-1,1429,1454,1455,-1,1455,1454,1439,-1,1455,1439,1456,-1,1456,1439,1438,-1,1408,1457,1406,-1,1406,1457,1458,-1,1406,1458,1459,-1,1459,1458,1460,-1,1459,1460,1461,-1,1462,1463,1464,-1,1464,1463,1465,-1,1464,1465,1466,-1,1466,1465,1467,-1,1466,1467,1468,-1,1468,1467,1469,-1,1468,1469,1470,-1,1471,1472,1473,-1,1473,1472,1474,-1,1473,1474,1475,-1,1475,1474,1476,-1,1475,1476,1477,-1,1477,1476,1478,-1,1477,1478,1479,-1,1480,1481,1482,-1,1482,1481,1483,-1,1482,1483,1484,-1,1418,1485,1419,-1,1419,1485,1486,-1,1419,1486,1487,-1,1487,1486,1488,-1,1487,1488,1404,-1,1404,1488,1489,-1,1404,1489,1405,-1,1422,1421,1490,-1,1490,1421,1491,-1,1490,1491,1397,-1,1397,1491,1492,-1,1397,1492,1423,-1,1493,1494,1495,-1,1495,1494,1496,-1,1495,1496,1497,-1,1484,1498,1482,-1,1482,1498,1499,-1,1482,1499,1500,-1,1500,1499,1501,-1,1500,1501,1502,-1,1502,1501,1503,-1,1502,1503,1504,-1,1504,1503,1505,-1,1422,1506,1420,-1,1420,1506,1507,-1,1420,1507,1508,-1,1508,1507,1509,-1,1508,1509,1415,-1,1415,1509,1510,-1,1415,1510,1416,-1,1496,1511,1497,-1,1497,1511,1512,-1,1497,1512,1513,-1,1513,1512,1514,-1,1513,1514,1515,-1,1515,1514,1395,-1,1515,1395,1516,-1,1516,1395,1426,-1,1493,1517,1518,-1,1445,1519,1446,-1,1446,1519,1520,-1,1446,1520,1521,-1,1521,1520,1522,-1,1521,1522,1523,-1,1523,1522,1524,-1,1523,1524,1525,-1,1525,1524,1526,-1,1525,1526,1527,-1,1527,1526,1528,-1,1527,1528,1529,-1,1530,1531,1532,-1,1532,1531,1533,-1,1478,1534,1479,-1,1479,1534,1535,-1,1479,1535,1536,-1,1536,1535,1537,-1,1536,1537,1462,-1,1462,1537,1538,-1,1462,1538,1463,-1,1539,1540,1493,-1,1493,1540,1541,-1,1493,1541,1517,-1,1518,1542,1493,-1,1493,1542,1543,-1,1493,1543,1494,-1,1544,1545,1546,-1,1546,1545,1547,-1,1546,1547,1431,-1,1431,1547,1548,-1,1431,1548,1432,-1,1528,1549,1529,-1,1529,1549,1550,-1,1529,1550,1551,-1,1551,1550,1552,-1,1551,1552,1544,-1,1544,1552,1553,-1,1544,1553,1545,-1,1469,1554,1470,-1,1470,1554,1555,-1,1470,1555,1556,-1,1556,1555,1557,-1,1556,1557,1558,-1,1558,1557,1559,-1,1558,1559,1560,-1,1560,1559,1561,-1,1560,1561,1562,-1,1562,1561,1563,-1,1562,1563,1564,-1,1564,1563,1565,-1,1564,1565,1532,-1,1532,1565,1566,-1,1532,1566,1530,-1,1533,1567,1532,-1,1532,1567,1568,-1,1532,1568,1569,-1,1482,1570,1480,-1,1480,1570,1571,-1,1480,1571,1572,-1,1572,1571,1573,-1,1572,1573,1574,-1,1574,1573,1575,-1,1574,1575,1471,-1,1471,1575,1576,-1,1471,1576,1472,-1,1399,1398,1493,-1,1493,1398,1577,-1,1493,1577,1539,-1,1578,1579,1569,-1,1569,1579,1580,-1,1569,1580,1581,-1,1582,1583,1584,-1,1584,1583,1585,-1,1584,1585,1505,-1,1505,1585,1586,-1,1505,1586,1504,-1,1460,1587,1461,-1,1461,1587,1588,-1,1461,1588,1589,-1,1589,1588,1590,-1,1589,1590,1591,-1,1591,1590,1592,-1,1591,1592,1593,-1,1593,1592,1594,-1,1593,1594,1595,-1,1595,1594,1596,-1,1595,1596,1597,-1,1597,1596,1598,-1,1597,1598,1599,-1,1599,1598,1600,-1,1599,1600,1601,-1,1601,1600,1602,-1,1601,1602,1582,-1,1582,1602,1603,-1,1582,1603,1583,-1,1581,1604,1569,-1,1569,1604,1605,-1,1569,1605,1532,-1,1326,1534,1478,-1,1326,1478,1328,-1,1328,1478,1476,-1,1328,1476,1330,-1,1330,1476,1474,-1,1330,1474,1331,-1,1331,1474,1472,-1,1331,1472,1258,-1,1258,1472,1576,-1,1258,1576,1260,-1,1260,1576,1575,-1,1260,1575,1262,-1,1262,1575,1573,-1,1262,1573,1345,-1,1345,1573,1571,-1,1345,1571,1344,-1,1344,1571,1570,-1,1344,1570,1342,-1,1342,1570,1482,-1,1342,1482,1197,-1,1197,1482,1500,-1,1197,1500,1248,-1,1248,1500,1502,-1,1248,1502,1301,-1,1301,1502,1504,-1,1301,1504,1302,-1,1302,1504,1586,-1,1302,1586,1304,-1,1304,1586,1585,-1,1304,1585,1384,-1,1384,1585,1583,-1,1384,1583,1385,-1,1385,1583,1603,-1,1385,1603,1387,-1,1387,1603,1602,-1,1387,1602,1389,-1,1389,1602,1600,-1,1389,1600,1391,-1,1391,1600,1598,-1,1391,1598,1392,-1,1392,1598,1596,-1,1392,1596,1367,-1,1367,1596,1594,-1,1367,1594,1365,-1,1365,1594,1592,-1,1365,1592,1375,-1,1375,1592,1590,-1,1375,1590,1246,-1,1246,1590,1588,-1,1246,1588,1244,-1,1244,1588,1587,-1,1244,1587,1195,-1,1195,1587,1460,-1,1195,1460,1271,-1,1271,1460,1458,-1,1271,1458,1270,-1,1270,1458,1457,-1,1270,1457,1268,-1,1268,1457,1408,-1,1268,1408,1266,-1,1266,1408,1429,-1,1266,1429,1185,-1,1185,1429,1455,-1,1185,1455,1286,-1,1286,1455,1456,-1,1286,1456,1284,-1,1284,1456,1438,-1,1284,1438,1282,-1,1282,1438,1436,-1,1282,1436,1280,-1,1280,1436,1434,-1,1280,1434,1279,-1,1279,1434,1432,-1,1279,1432,1277,-1,1277,1432,1548,-1,1277,1548,1221,-1,1221,1548,1547,-1,1221,1547,1378,-1,1378,1547,1545,-1,1378,1545,1379,-1,1379,1545,1553,-1,1379,1553,1381,-1,1381,1553,1552,-1,1381,1552,1382,-1,1382,1552,1550,-1,1382,1550,1350,-1,1350,1550,1549,-1,1350,1549,1352,-1,1352,1549,1528,-1,1352,1528,1354,-1,1354,1528,1526,-1,1354,1526,1356,-1,1356,1526,1524,-1,1356,1524,1358,-1,1358,1524,1522,-1,1358,1522,1359,-1,1359,1522,1520,-1,1359,1520,1307,-1,1307,1520,1519,-1,1307,1519,1309,-1,1309,1519,1445,-1,1309,1445,1311,-1,1311,1445,1443,-1,1311,1443,1312,-1,1312,1443,1441,-1,1312,1441,1273,-1,1273,1441,1440,-1,1273,1440,1275,-1,1275,1440,1403,-1,1275,1403,1276,-1,1276,1403,1405,-1,1276,1405,1251,-1,1251,1405,1489,-1,1251,1489,1252,-1,1252,1489,1488,-1,1252,1488,1207,-1,1207,1488,1486,-1,1207,1486,1208,-1,1208,1486,1485,-1,1208,1485,1209,-1,1209,1485,1418,-1,1209,1418,1180,-1,1180,1418,1416,-1,1180,1416,1181,-1,1181,1416,1510,-1,1181,1510,1229,-1,1229,1510,1509,-1,1229,1509,1318,-1,1318,1509,1507,-1,1318,1507,1319,-1,1319,1507,1506,-1,1319,1506,1321,-1,1321,1506,1422,-1,1321,1422,1337,-1,1337,1422,1490,-1,1337,1490,1338,-1,1338,1490,1397,-1,1338,1397,1339,-1,1339,1397,1411,-1,1339,1411,1314,-1,1314,1411,1412,-1,1314,1412,1316,-1,1316,1412,1452,-1,1316,1452,1317,-1,1317,1452,1451,-1,1317,1451,1225,-1,1225,1451,1450,-1,1225,1450,1226,-1,1226,1450,1410,-1,1226,1410,1191,-1,1191,1410,1409,-1,1191,1409,1189,-1,1215,1189,1396,-1,1396,1189,1409,-1,1213,1215,1394,-1,1394,1215,1396,-1,1214,1213,1393,-1,1393,1213,1394,-1,1186,1214,1395,-1,1395,1214,1393,-1,1186,1395,1514,-1,1186,1514,1253,-1,1253,1514,1512,-1,1253,1512,1254,-1,1254,1512,1511,-1,1254,1511,1255,-1,1255,1511,1496,-1,1255,1496,1256,-1,1256,1496,1494,-1,1256,1494,1217,-1,1217,1494,1543,-1,1217,1543,1218,-1,1218,1543,1542,-1,1218,1542,1236,-1,1236,1542,1518,-1,1236,1518,1237,-1,1237,1518,1517,-1,1237,1517,1238,-1,1238,1517,1541,-1,1238,1541,1232,-1,1232,1541,1540,-1,1232,1540,1234,-1,1234,1540,1539,-1,1234,1539,1235,-1,1235,1539,1577,-1,1235,1577,1201,-1,1201,1577,1398,-1,1201,1398,1182,-1,1182,1398,1414,-1,1182,1414,1250,-1,1250,1414,1413,-1,1250,1413,1274,-1,1274,1413,1442,-1,1274,1442,1272,-1,1272,1442,1444,-1,1272,1444,1310,-1,1310,1444,1446,-1,1310,1446,1308,-1,1308,1446,1521,-1,1308,1521,1306,-1,1306,1521,1523,-1,1306,1523,1357,-1,1357,1523,1525,-1,1357,1525,1355,-1,1355,1525,1527,-1,1355,1527,1353,-1,1353,1527,1529,-1,1353,1529,1351,-1,1351,1529,1551,-1,1351,1551,1349,-1,1349,1551,1544,-1,1349,1544,1380,-1,1380,1544,1546,-1,1380,1546,1219,-1,1219,1546,1431,-1,1219,1431,1220,-1,1220,1431,1433,-1,1220,1433,1278,-1,1278,1433,1435,-1,1278,1435,1281,-1,1281,1435,1437,-1,1281,1437,1283,-1,1283,1437,1439,-1,1283,1439,1285,-1,1285,1439,1454,-1,1285,1454,1287,-1,1287,1454,1453,-1,1287,1453,1288,-1,1288,1453,1430,-1,1288,1430,1183,-1,1183,1430,1428,-1,1183,1428,1184,-1,1184,1428,1427,-1,1184,1427,1264,-1,1264,1427,1449,-1,1264,1449,1265,-1,1265,1449,1407,-1,1265,1407,1267,-1,1267,1407,1406,-1,1267,1406,1269,-1,1269,1406,1459,-1,1269,1459,1193,-1,1193,1459,1461,-1,1193,1461,1194,-1,1194,1461,1589,-1,1194,1589,1245,-1,1245,1589,1591,-1,1245,1591,1376,-1,1376,1591,1593,-1,1376,1593,1377,-1,1377,1593,1595,-1,1377,1595,1366,-1,1366,1595,1597,-1,1366,1597,1368,-1,1368,1597,1599,-1,1368,1599,1390,-1,1390,1599,1601,-1,1390,1601,1388,-1,1388,1601,1582,-1,1388,1582,1386,-1,1386,1582,1584,-1,1386,1584,1305,-1,1305,1584,1505,-1,1305,1505,1303,-1,1303,1505,1503,-1,1303,1503,1249,-1,1249,1503,1501,-1,1249,1501,1247,-1,1247,1501,1499,-1,1247,1499,1199,-1,1199,1499,1498,-1,1199,1498,1198,-1,1198,1498,1484,-1,1198,1484,1196,-1,1340,1196,1483,-1,1483,1196,1484,-1,1340,1483,1481,-1,1340,1481,1341,-1,1341,1481,1480,-1,1341,1480,1343,-1,1343,1480,1572,-1,1343,1572,1263,-1,1263,1572,1574,-1,1263,1574,1261,-1,1261,1574,1471,-1,1261,1471,1259,-1,1259,1471,1473,-1,1259,1473,1257,-1,1257,1473,1475,-1,1257,1475,1329,-1,1329,1475,1477,-1,1329,1477,1327,-1,1327,1477,1479,-1,1327,1479,1325,-1,1325,1479,1536,-1,1325,1536,1323,-1,1323,1536,1462,-1,1323,1462,1334,-1,1334,1462,1464,-1,1334,1464,1300,-1,1300,1464,1466,-1,1300,1466,1298,-1,1298,1466,1468,-1,1298,1468,1296,-1,1296,1468,1470,-1,1296,1470,1294,-1,1294,1470,1556,-1,1294,1556,1204,-1,1204,1556,1558,-1,1204,1558,1205,-1,1205,1558,1560,-1,1205,1560,1240,-1,1242,1240,1562,-1,1562,1240,1560,-1,1242,1562,1564,-1,1242,1564,1363,-1,1363,1564,1532,-1,1363,1532,1346,-1,1346,1532,1605,-1,1346,1605,1383,-1,1383,1605,1604,-1,1383,1604,1369,-1,1369,1604,1581,-1,1369,1581,1370,-1,1370,1581,1580,-1,1370,1580,1372,-1,1372,1580,1579,-1,1372,1579,1373,-1,1373,1579,1578,-1,1373,1578,1374,-1,1374,1578,1569,-1,1374,1569,1371,-1,1371,1569,1568,-1,1371,1568,1360,-1,1360,1568,1567,-1,1360,1567,1361,-1,1361,1567,1533,-1,1361,1533,1362,-1,1362,1533,1531,-1,1362,1531,1347,-1,1347,1531,1530,-1,1347,1530,1348,-1,1348,1530,1566,-1,1348,1566,1364,-1,1364,1566,1565,-1,1364,1565,1243,-1,1243,1565,1563,-1,1243,1563,1241,-1,1239,1241,1561,-1,1561,1241,1563,-1,1239,1561,1559,-1,1239,1559,1206,-1,1206,1559,1557,-1,1206,1557,1292,-1,1292,1557,1555,-1,1292,1555,1293,-1,1293,1555,1554,-1,1293,1554,1295,-1,1295,1554,1469,-1,1295,1469,1297,-1,1297,1469,1467,-1,1297,1467,1299,-1,1299,1467,1465,-1,1299,1465,1332,-1,1332,1465,1463,-1,1332,1463,1333,-1,1333,1463,1538,-1,1333,1538,1335,-1,1335,1538,1537,-1,1335,1537,1336,-1,1336,1537,1535,-1,1336,1535,1324,-1,1324,1535,1534,-1,1324,1534,1326,-1,1187,1493,1495,-1,1187,1495,1188,-1,1188,1495,1497,-1,1188,1497,1222,-1,1222,1497,1513,-1,1222,1513,1223,-1,1223,1513,1515,-1,1223,1515,1210,-1,1210,1515,1516,-1,1210,1516,1211,-1,1211,1516,1426,-1,1211,1426,1212,-1,1212,1426,1425,-1,1212,1425,1190,-1,1190,1425,1424,-1,1190,1424,1192,-1,1192,1424,1423,-1,1192,1423,1224,-1,1224,1423,1492,-1,1224,1492,1315,-1,1315,1492,1491,-1,1315,1491,1313,-1,1313,1491,1421,-1,1313,1421,1322,-1,1322,1421,1420,-1,1322,1420,1320,-1,1320,1420,1508,-1,1320,1508,1230,-1,1230,1508,1415,-1,1230,1415,1228,-1,1228,1415,1417,-1,1228,1417,1227,-1,1227,1417,1419,-1,1227,1419,1289,-1,1289,1419,1487,-1,1289,1487,1290,-1,1290,1487,1404,-1,1290,1404,1291,-1,1291,1404,1402,-1,1291,1402,1203,-1,1203,1402,1401,-1,1203,1401,1202,-1,1202,1401,1448,-1,1202,1448,1200,-1,1200,1448,1447,-1,1200,1447,1233,-1,1233,1447,1400,-1,1233,1400,1231,-1,1231,1400,1399,-1,1231,1399,1216,-1,1216,1399,1493,-1,1216,1493,1187,-1,
        ]
    }
}